id,name,date_created,lat,lng,notification_type,geo_event_id,first_evac_time,lead_time_minutes,response_bucket,west_coast,hour,month,state,country
21237,Bear Fire,2024-06-08 19:36:02.126821+00:00,33.948667,-110.524833,normal,21237.0,2024-06-21 00:28:47.576169+00:00,17572.757489133335,3+ hours,False,19,6,Arizona,US
21255,Pioneer Fire,2024-06-08 21:23:11.991310+00:00,48.182553,-120.530919,normal,21255.0,2024-06-28 19:30:39.416884+00:00,28687.4570929,3+ hours,True,21,6,Washington,US
21947,Post Fire,2024-06-15 21:02:00.385640+00:00,34.79359424699069,-118.85299537895006,normal,21947.0,2024-06-20 17:28:11.899946+00:00,6986.1919051,3+ hours,True,21,6,California,US
21958,Encerrita Fire,2024-06-15 21:44:35.906325+00:00,34.934444,-107.934611,normal,21958.0,2024-06-21 04:07:01.207735+00:00,7582.421690166667,3+ hours,False,21,6,New Mexico,US
21998,Hesperia Fire,2024-06-16 01:18:50.348476+00:00,34.30777409709603,-117.28731650401784,normal,21998.0,2024-06-20 01:25:02.746796+00:00,5766.206638666667,3+ hours,True,1,6,California,US
22048,Point Fire,2024-06-16 19:44:33.306204+00:00,38.705475,-123.012253,normal,22048.0,2024-06-20 00:10:17.907587+00:00,4585.743356383333,3+ hours,True,19,6,California,US
22086,Hidden Fire,2024-06-16 23:40:01.889611+00:00,40.72112248930881,-122.23923405787409,normal,22086.0,2024-06-19 01:53:58.528837+00:00,3013.9439871,3+ hours,True,23,6,California,US
22124,South Fork Fire,2024-06-17 15:32:41.270084+00:00,33.337541476585486,-105.76600103979008,normal,22124.0,2024-06-19 20:25:18.317177+00:00,3172.61745155,3+ hours,False,15,6,New Mexico,US
22172,Sites Fire,2024-06-17 20:46:26.896745+00:00,39.31703933890236,-122.46814450897196,normal,22172.0,2024-06-19 15:03:58.702354+00:00,2537.5300934833335,3+ hours,True,20,6,California,US
22195,Salt Fire,2024-06-17 21:55:21.045757+00:00,33.24115259228665,-105.70860528953877,normal,22195.0,2024-06-20 04:46:57.765130+00:00,3291.61198955,3+ hours,False,21,6,New Mexico,US
22207,Aero Fire,2024-06-17 22:27:50.180688+00:00,38.03134693420745,-120.68479821692424,normal,22207.0,2024-06-19 15:52:25.182677+00:00,2484.5833664833335,3+ hours,True,22,6,California,US
22429,Ham Fire,2024-06-19 22:02:25.458408+00:00,39.1245917,-122.8645956,normal,22429.0,2024-06-19 22:17:05.407455+00:00,14.665817449999999,0-15 min,True,22,6,California,US
22519,Double Fire,2024-06-20 20:19:50.402073+00:00,39.4578804107725,-121.30324819637733,normal,22519.0,2024-06-20 21:06:11.287310+00:00,46.348087283333335,15-60 min,True,20,6,California,US
22540,Upper Applegate Fire,2024-06-20 22:18:10.910699+00:00,42.18674733317232,-123.04335696298168,normal,22540.0,2024-06-20 23:31:06.248406+00:00,72.92229511666666,1-3 hours,True,22,6,Oregon,US
22542,Hwy 62 Fire,2024-06-20 22:25:29.582560+00:00,42.5646193327311,-122.80501223677402,normal,22542.0,2024-06-20 23:53:25.761921+00:00,87.93632268333334,1-3 hours,True,22,6,Oregon,US
22557,Antigua Fire,2024-06-21 00:10:44.405661+00:00,32.83254768145116,-117.09851538924096,normal,22557.0,2024-06-21 00:26:46.196218+00:00,16.029842616666667,15-60 min,True,0,6,California,US
22597,Gulch Fire,2024-06-21 16:05:12.300270+00:00,37.313968362435546,-119.78963305714508,normal,22597.0,2024-06-21 16:32:23.486959+00:00,27.186444816666665,15-60 min,True,16,6,California,US
22609,Keys Road Fire,2024-06-21 17:50:09.148026+00:00,46.59437910747912,-120.46632332408436,normal,22609.0,2024-06-21 17:58:36.280070+00:00,8.452200733333333,0-15 min,True,17,6,Washington,US
22632,Ironwood Fire,2024-06-21 21:32:43.960872+00:00,39.780188,-119.651841,normal,22632.0,2024-06-21 21:58:08.309368+00:00,25.405808266666668,15-60 min,True,21,6,Nevada,US
22707,Oak Ridge Fire,2024-06-22 17:10:36.739846+00:00,38.089417,-105.038717,normal,22707.0,2024-06-24 20:05:09.430061+00:00,3054.544836916667,3+ hours,False,17,6,Colorado,US
22737,Needles Fire,2024-06-22 21:03:30.800727+00:00,34.8507835,-114.6205734,normal,22737.0,2024-06-22 22:45:47.523451+00:00,102.27871206666667,1-3 hours,False,21,6,California,US
22756,Slide Ranch/Mission Road Fire,2024-06-22 23:11:03.581771+00:00,46.332133,-120.730383,normal,22756.0,2024-06-23 01:15:20.781483+00:00,124.28666186666666,1-3 hours,True,23,6,Washington,US
22760,Watts Fire,2024-06-22 23:33:48.458478+00:00,36.91200541317306,-119.41740910070304,normal,22760.0,2024-06-22 23:56:37.982614+00:00,22.825402266666668,15-60 min,True,23,6,California,US
22763,Long Bend Fire,2024-06-22 23:57:25.768266+00:00,45.130033,-121.126367,normal,22763.0,2024-06-23 04:36:43.440652+00:00,279.2945397666666,3+ hours,True,23,6,Oregon,US
22765,Gold Creek Fire,2024-06-23 00:01:52.976327+00:00,48.20384062813608,-120.12667796426288,normal,22765.0,2024-06-23 00:52:47.272179+00:00,50.90493086666667,15-60 min,True,0,6,Washington,US
22794,Oak Fire,2024-06-23 10:46:58.116820+00:00,33.65467807259364,-116.92785890980385,normal,22794.0,2024-06-23 12:40:28.505125+00:00,113.50647175,1-3 hours,True,10,6,California,US
22854,Number Two Fire,2024-06-23 23:46:40.157658+00:00,47.41224858031521,-120.3651050087316,normal,22854.0,2024-06-24 00:34:50.069804+00:00,48.165202433333334,15-60 min,True,23,6,Washington,US
22979,Armstrong Fire,2024-06-24 22:02:51.164719+00:00,39.04228874766517,-122.92009252505508,normal,22979.0,2024-06-24 22:29:45.861954+00:00,26.911620583333335,15-60 min,True,22,6,California,US
22984,Flash Fire,2024-06-24 22:25:06.929371+00:00,36.72158180823182,-119.33897528347144,normal,22984.0,2024-06-25 00:58:27.145197+00:00,153.33693043333332,1-3 hours,True,22,6,California,US
22994,Flash/Bolt Fire (June),2024-06-24 22:42:22.617432+00:00,36.74874685530526,-119.30499664266108,normal,22994.0,2024-06-25 00:58:13.306204+00:00,135.84481286666667,1-3 hours,True,22,6,California,US
23008,Pine Ridge Fire,2024-06-24 23:35:12.095946+00:00,42.2753,-104.43187,normal,23008.0,2024-06-25 01:18:19.894262+00:00,103.12997193333334,1-3 hours,False,23,6,Wyoming,US
23011,East Fire,2024-06-24 23:45:59.295817+00:00,36.72088823108115,-119.32222427209165,normal,23011.0,2024-06-25 01:00:52.271871+00:00,74.88293423333333,1-3 hours,True,23,6,California,US
23043,Apache Fire,2024-06-25 02:26:47.098900+00:00,39.4182988,-121.4822581,normal,23043.0,2024-06-25 02:57:59.213975+00:00,31.201917916666666,15-60 min,True,2,6,California,US
23100,Del Mar Fire,2024-06-25 17:59:29.725856+00:00,32.93950094970268,-117.25164007026191,normal,23100.0,2024-06-25 22:25:21.988916+00:00,265.87105099999997,3+ hours,True,17,6,California,US
23129,Darlene 3 Fire,2024-06-25 20:12:43.793864+00:00,43.6467,-121.477533,normal,23129.0,2024-06-25 20:50:53.426410+00:00,38.16054243333333,15-60 min,True,20,6,Oregon,US
23208,Round Pole Fire,2024-06-26 03:04:00.571209+00:00,46.042837,-111.341241,normal,23208.0,2024-06-26 04:29:01.307283+00:00,85.01226790000001,1-3 hours,False,3,6,Montana,US
23257,Missouri Lake Fire,2024-06-26 17:15:53.854810+00:00,39.8303312793546,-105.51709275286304,normal,23257.0,2024-06-26 17:16:19.692988+00:00,0.43063629999999997,0-15 min,False,17,6,Colorado,US
23279,Basin Fire,2024-06-26 18:49:45.999769+00:00,36.869333,-119.108333,normal,23279.0,2024-06-26 22:37:31.761594+00:00,227.76269708333334,3+ hours,True,18,6,California,US
23311,Vegetation Fire,2024-06-26 20:47:41.803616+00:00,40.809259,-104.97643,normal,23311.0,2024-06-26 21:19:12.225169+00:00,31.50702588333333,15-60 min,False,20,6,Colorado,US
23480,Boulder View Fire,2024-06-27 21:42:16.624563+00:00,33.81844388503126,-111.83751995301122,normal,23480.0,2024-06-28 06:40:40.659736+00:00,538.4005862166666,3+ hours,False,21,6,Arizona,US
23496,Veterans Fire,2024-06-27 22:21:21.473575+00:00,40.47970231942927,-122.54529194007154,normal,23496.0,2024-06-27 23:17:39.561212+00:00,56.30146061666667,15-60 min,True,22,6,California,US
23503,Vegetation Fire,2024-06-27 22:47:13.016089+00:00,47.189654,-119.3565309,normal,23503.0,2024-06-27 22:50:35.316074+00:00,3.3716664166666663,0-15 min,True,22,6,Washington,US
23731,Creek Fire,2024-06-29 22:29:08.751717+00:00,38.89573101399911,-120.9304665798091,normal,23731.0,2024-06-29 23:47:05.789705+00:00,77.95063313333334,1-3 hours,True,22,6,California,US
23748,Donkey Fire,2024-06-30 00:35:36.991959+00:00,38.793704,-122.541661,normal,23748.0,2024-06-30 01:05:29.411909+00:00,29.873665833333334,15-60 min,True,0,6,California,US
23831,Central Fire,2024-06-30 22:58:07.331542+00:00,37.41792,-113.62117,normal,23831.0,2024-06-30 23:52:49.905939+00:00,54.709573283333334,15-60 min,False,22,6,Utah,US
23877,Creek Fire,2024-07-01 04:25:56.195904+00:00,34.33412,-118.34286,silent,23877.0,2024-07-01 04:31:16.152594+00:00,5.3326115,0-15 min,True,4,7,California,US
23965,McCain Fire,2024-07-01 22:53:18.233669+00:00,32.66083968007234,-116.23005629721638,normal,23965.0,2024-07-01 23:11:45.850329+00:00,18.460277666666666,15-60 min,True,22,7,Baja California,MX
23968,Hillman / Marble Fire,2024-07-01 23:11:23.508071+00:00,46.6167,-120.681617,normal,23968.0,2024-07-01 23:26:48.085229+00:00,15.409619300000001,15-60 min,True,23,7,Washington,US
24031,Toll Fire,2024-07-02 16:46:55.674874+00:00,38.63765318863983,-122.58616344151044,normal,24031.0,2024-07-02 18:27:13.339259+00:00,100.29440641666666,1-3 hours,True,16,7,California,US
24046,Thompson Fire,2024-07-02 18:01:41.108413+00:00,39.540031967470526,-121.54689728111865,normal,24046.0,2024-07-02 18:37:44.171212+00:00,36.051046649999996,15-60 min,True,18,7,California,US
24079,Moccasin Fire,2024-07-02 21:11:19.153182+00:00,38.636935901643,-120.77780840391743,normal,24079.0,2024-07-02 21:52:23.863341+00:00,41.078502650000004,15-60 min,True,21,7,California,US
24107,Sisson Fire,2024-07-02 23:46:17.785668+00:00,39.015295,-121.129097,normal,24107.0,2024-07-03 01:06:08.784504+00:00,79.8499806,1-3 hours,True,23,7,California,US
24158,Joe Barker Fire,2024-07-03 14:49:53.875281+00:00,46.568310060888535,-118.2709034958281,normal,24158.0,2024-07-03 23:59:28.196622+00:00,549.57202235,3+ hours,True,14,7,Washington,US
24191,Shelly Fire,2024-07-03 20:40:16.656466+00:00,41.45630986077941,-123.0653495370032,normal,24191.0,2024-07-07 05:10:05.377748+00:00,4829.812021366667,3+ hours,True,20,7,California,US
24199,Sharp Fire,2024-07-03 20:54:58.107196+00:00,34.293796,-118.741484,normal,24199.0,2024-07-03 21:36:08.490488+00:00,41.17305486666667,15-60 min,True,20,7,California,US
24206,Orchard Fire,2024-07-03 21:28:07.650839+00:00,35.109713,-118.396668,normal,24206.0,2024-07-03 22:13:44.872380+00:00,45.62035901666666,15-60 min,True,21,7,California,US
24216,Adams Fire,2024-07-03 22:10:20.876621+00:00,38.909485248475335,-122.60983641506743,normal,24216.0,2024-07-03 22:28:54.667725+00:00,18.563185066666666,15-60 min,True,22,7,California,US
24220,Watt Fire,2024-07-03 22:25:51.188016+00:00,38.7361305,-121.3925679,normal,24220.0,2024-07-03 23:22:36.834611+00:00,56.76077658333334,15-60 min,True,22,7,California,US
24224,Grubbs Fire,2024-07-03 22:50:14.321792+00:00,39.43500079999998,-121.5076353,normal,24224.0,2024-07-03 23:36:04.198889+00:00,45.831284950000004,15-60 min,True,22,7,California,US
24229,Basler Fire,2024-07-03 23:02:47.785706+00:00,40.2763623,-122.4129717,normal,24229.0,2024-07-03 23:35:42.370272+00:00,32.90974276666667,15-60 min,True,23,7,California,US
24234,Olinda Fire,2024-07-03 23:28:21.362601+00:00,40.43907397314206,-122.41259761679576,normal,24234.0,2024-07-04 00:02:41.477883+00:00,34.3352547,15-60 min,True,23,7,California,US
24280,Fort Fire,2024-07-04 04:22:05.725184+00:00,41.86075,-123.267967,normal,24280.0,2024-07-04 04:30:52.617328+00:00,8.781535733333333,0-15 min,True,4,7,California,US
24365,Deer Fire,2024-07-04 21:11:11.130134+00:00,40.1999906,-122.3028009,normal,24365.0,2024-07-04 21:27:27.188887+00:00,16.267645883333334,15-60 min,True,21,7,California,US
24378,Sand Flat Fire,2024-07-04 21:56:08.495180+00:00,48.420296,-119.4950254,normal,24378.0,2024-07-04 21:57:41.030731+00:00,1.5422591833333332,0-15 min,True,21,7,Washington,US
24427,French Fire,2024-07-05 01:06:02.007968+00:00,37.5174877307835,-119.98582549745154,normal,24427.0,2024-07-05 02:25:10.139201+00:00,79.13552055,1-3 hours,True,1,7,California,US
24430,Daisy Fire,2024-07-05 01:12:27.708835+00:00,48.34978463692213,-118.16151661615692,normal,24430.0,2024-07-05 03:22:46.737659+00:00,130.31714706666668,1-3 hours,True,1,7,Washington,US
24570,Thorp Road Fire,2024-07-05 06:26:23.883446+00:00,46.53665613512777,-120.44654255029651,normal,24570.0,2024-07-05 06:33:19.948123+00:00,6.934411283333334,0-15 min,True,6,7,Washington,US
24587,Balsam Root Fire,2024-07-05 07:15:34.720786+00:00,47.460396,-120.356705,normal,24587.0,2024-07-05 12:11:13.174294+00:00,295.64089179999996,3+ hours,True,7,7,Washington,US
24665,Dersch Fire,2024-07-05 18:08:37.612559+00:00,40.47528917143492,-122.08507294314212,normal,24665.0,2024-07-05 18:44:12.788302+00:00,35.58626238333333,15-60 min,True,18,7,California,US
24722,Hills Fire,2024-07-05 21:32:40.158737+00:00,33.757839,-117.112942,normal,24722.0,2024-07-05 22:43:28.534082+00:00,70.80625575,1-3 hours,True,21,7,California,US
24741,Lake Fire,2024-07-05 22:53:28.595748+00:00,34.78331454716347,-120.0441098392824,normal,24741.0,2024-07-06 04:07:21.690502+00:00,313.8849125666667,3+ hours,True,22,7,California,US
24855,Beehive Fire,2024-07-06 19:36:49.087168+00:00,47.322803,-120.39551,normal,24855.0,2024-07-06 20:18:58.032826+00:00,42.1490943,15-60 min,True,19,7,Washington,US
24876,McCaffery Fire,2024-07-06 21:10:39.893034+00:00,44.24872303239445,-121.12743282236669,normal,24876.0,2024-07-06 21:55:37.645664+00:00,44.962543833333335,15-60 min,True,21,7,Oregon,US
24878,Pay Fire,2024-07-06 21:16:35.378307+00:00,38.7196644283531,-120.76887243140207,normal,24878.0,2024-07-06 22:10:57.764922+00:00,54.373110249999996,15-60 min,True,21,7,California,US
24887,Cahuilla Fire,2024-07-06 21:57:38.357698+00:00,34.5441153,-117.1302272,normal,24887.0,2024-07-06 22:48:19.047138+00:00,50.67815733333334,15-60 min,True,21,7,California,US
24907,Granite Fire,2024-07-06 23:32:31.137971+00:00,37.71319876280568,-120.32547158505764,normal,24907.0,2024-07-07 00:47:45.919009+00:00,75.24635063333334,1-3 hours,True,23,7,California,US
24982,Vista Fire,2024-07-07 17:09:16.378721+00:00,34.29275055741998,-117.60684050881272,normal,24982.0,2024-07-07 22:26:28.170755+00:00,317.19653389999996,3+ hours,True,17,7,California,US
25033,North Fire,2024-07-07 22:49:34.846326+00:00,41.245366,-120.504312,normal,25033.0,2024-07-08 02:03:06.651646+00:00,193.53008866666667,3+ hours,True,22,7,California,US
25039,Salt Creek Fire,2024-07-07 23:17:38.183405+00:00,42.47755,-122.603,normal,25039.0,2024-07-08 00:23:50.369394+00:00,66.20309981666666,1-3 hours,True,23,7,Oregon,US
25053,Royal Fire,2024-07-08 00:28:25.181013+00:00,39.23930524873697,-120.41690352913164,normal,25053.0,2024-07-08 02:40:51.258386+00:00,132.43462288333333,1-3 hours,True,0,7,California,US
25120,Upper Pine Fire,2024-07-08 20:18:46.292277+00:00,43.807167,-118.745667,normal,25120.0,2024-07-11 02:14:44.724635+00:00,3235.973872633333,3+ hours,True,20,7,Oregon,US
25128,Pius Fire,2024-07-08 20:45:31.799613+00:00,34.505267,-111.017133,normal,25128.0,2024-07-09 01:04:07.172682+00:00,258.58955115,3+ hours,False,20,7,Arizona,US
25138,Mina Fire,2024-07-08 21:13:06.482987+00:00,39.96789288340682,-123.3883144639243,normal,25138.0,2024-07-08 21:57:57.443716+00:00,44.84934548333333,15-60 min,True,21,7,California,US
25171,Bogus Fire,2024-07-08 23:22:44.110845+00:00,41.884429,-122.392257,normal,25171.0,2024-07-08 23:39:38.013436+00:00,16.898376516666666,15-60 min,True,23,7,California,US
25217,Ray Fire,2024-07-09 17:35:23.922376+00:00,33.06926,-110.9223,normal,25217.0,2024-07-09 18:00:43.786570+00:00,25.3310699,15-60 min,False,17,7,Arizona,US
25238,Shake Fire,2024-07-09 19:59:03.330495+00:00,33.06428176991905,-110.91961274439257,normal,25238.0,2024-07-09 20:53:01.302507+00:00,53.9662002,15-60 min,False,19,7,Arizona,US
25244,Larch Creek Fire,2024-07-09 20:55:42.146469+00:00,45.364333,-121.244667,normal,25244.0,2024-07-10 01:03:47.345154+00:00,248.08664474999998,3+ hours,True,20,7,Oregon,US
25247,Horse Gulch Fire,2024-07-09 21:09:32.049105+00:00,46.6887,-111.696133,normal,25247.0,2024-07-10 22:37:36.354856+00:00,1528.0717625166667,3+ hours,False,21,7,Montana,US
25328,Huntington Mutual Aid Fire,2024-07-10 11:40:50.026078+00:00,44.351783,-117.257083,normal,25328.0,2024-07-11 03:35:32.185779+00:00,954.7026616833333,3+ hours,True,11,7,Idaho,US
25339,Falls Fire,2024-07-10 16:25:50.691588+00:00,43.84710491506124,-119.4153745835595,normal,25339.0,2024-07-14 01:51:34.597680+00:00,4885.7317682,3+ hours,True,16,7,Oregon,US
25383,Sturdevant Fire,2024-07-10 22:32:38.107248+00:00,44.61348479999998,-123.92363369999998,normal,25383.0,2024-07-10 22:50:36.694543+00:00,17.97645491666667,15-60 min,True,22,7,Oregon,US
25386,Juniper Fire,2024-07-10 22:49:16.466881+00:00,44.475424674322994,-121.19567902640792,normal,25386.0,2024-07-10 23:59:41.108763+00:00,70.41069803333333,1-3 hours,True,22,7,Oregon,US
25410,Hillside Fire,2024-07-11 00:38:02.471601+00:00,34.203144056183575,-112.84866654710044,normal,25410.0,2024-07-11 01:46:08.333887+00:00,68.09770476666667,1-3 hours,False,0,7,Arizona,US
25418,Point Fire,2024-07-11 01:00:07.559137+00:00,40.11447642081512,-123.7727009708216,normal,25418.0,2024-07-11 02:38:26.719315+00:00,98.3193363,1-3 hours,True,1,7,California,US
25431,Arboretum Fire,2024-07-11 03:15:07.560102+00:00,46.586217,-120.46525,normal,25431.0,2024-07-11 04:04:18.788678+00:00,49.187142933333334,15-60 min,True,3,7,Washington,US
25442,Watch Fire,2024-07-11 06:35:48.387188+00:00,33.35192,-110.449075,normal,25442.0,2024-07-11 18:45:56.485964+00:00,730.1349796,3+ hours,False,6,7,Arizona,US
25453,Cow Valley Fire,2024-07-11 14:40:48.767381+00:00,44.35675,-117.75875,normal,25453.0,2024-07-12 16:56:01.557116+00:00,1575.2131622499999,3+ hours,True,14,7,Oregon,US
25473,Bench Lake Fire,2024-07-11 18:35:48.473051+00:00,44.1152,-114.961383,normal,25473.0,2024-07-22 06:37:42.622017+00:00,15121.902482766665,3+ hours,False,18,7,Idaho,US
25482,Wine Country Fire,2024-07-11 20:09:10.404924+00:00,45.708341,-121.548935,normal,25482.0,2024-07-11 21:35:28.681142+00:00,86.30460363333333,1-3 hours,True,20,7,Oregon,US
25514,Railbridge Fire,2024-07-11 22:48:30.754593+00:00,39.40532191100061,-121.49332389030332,normal,25514.0,2024-07-11 23:22:42.824066+00:00,34.20115788333333,15-60 min,True,22,7,California,US
25532,Freeman Fire,2024-07-12 00:55:28.422282+00:00,32.79035137715675,-110.92615551110124,normal,25532.0,2024-07-12 15:22:45.195590+00:00,867.2795551333334,3+ hours,False,0,7,Arizona,US
25581,Deadman Fire,2024-07-12 14:10:43.523390+00:00,45.2202,-106.622683,normal,25581.0,2024-07-14 04:17:32.638674+00:00,2286.8185880666665,3+ hours,False,14,7,Montana,US
25592,Black Fire,2024-07-12 16:18:02.633818+00:00,33.606167,-111.138333,normal,25592.0,2024-07-14 16:07:00.742920+00:00,2868.9684850333333,3+ hours,False,16,7,Arizona,US
25618,Bluff Fire,2024-07-12 19:19:26.912729+00:00,33.950365,-116.880684,normal,25618.0,2024-07-12 20:33:51.540836+00:00,74.41046845000001,1-3 hours,True,19,7,California,US
25642,Pauba Fire,2024-07-12 20:55:08.989205+00:00,33.4837734305206,-117.02302219585106,normal,25642.0,2024-07-12 22:22:09.948067+00:00,87.01598103333335,1-3 hours,True,20,7,California,US
25648,McGhee Fire,2024-07-12 21:30:43.378211+00:00,45.26895,-106.534383,normal,25648.0,2024-07-14 04:20:29.216289+00:00,1849.7639679666668,3+ hours,False,21,7,Montana,US
25665,88 Fire,2024-07-12 22:21:19.828548+00:00,39.854803,-104.276797,normal,25665.0,2024-07-12 22:57:16.488340+00:00,35.94432986666666,15-60 min,False,22,7,Colorado,US
25674,South Fork - Rosebud Fire,2024-07-12 22:50:47.130237+00:00,45.201167,-106.381333,normal,25674.0,2024-07-14 04:21:37.823603+00:00,1770.8448894333335,3+ hours,False,22,7,Montana,US
25725,Graff Point Fire,2024-07-13 05:57:06.106298+00:00,37.5681,-113.1023,normal,25725.0,2024-07-13 17:09:34.093931+00:00,672.46646055,3+ hours,False,5,7,Utah,US
25742,Hurricane Fire,2024-07-13 14:59:31.587931+00:00,35.2010079879782,-119.69890409130832,normal,25742.0,2024-07-14 05:47:41.931006+00:00,888.1723845833333,3+ hours,True,14,7,California,US
25751,Quail Hollow Fire,2024-07-13 17:16:09.775794+00:00,39.65501835107352,-104.18715155172968,normal,25751.0,2024-07-13 17:34:17.691508+00:00,18.131928566666666,15-60 min,False,17,7,Colorado,US
25756,Trout Fire,2024-07-13 17:36:59.983344+00:00,35.98363009482493,-118.30379113538714,normal,25756.0,2024-07-16 04:23:19.800873+00:00,3526.33029215,3+ hours,True,17,7,California,US
25762,Kingsway Ln Fire,2024-07-13 18:08:58.533359+00:00,43.06347354465749,-123.62657439222532,normal,25762.0,2024-07-13 18:36:55.247753+00:00,27.9452399,15-60 min,True,18,7,Oregon,US
25763,White Fire,2024-07-13 18:15:05.557148+00:00,34.959745012585685,-118.53225152848096,normal,25763.0,2024-07-13 18:37:54.193623+00:00,22.810607916666665,15-60 min,True,18,7,California,US
25777,Four Mile Fire,2024-07-13 19:15:46.785309+00:00,45.24083,-106.82431,normal,25777.0,2024-07-16 15:52:22.424363+00:00,4116.593984233334,3+ hours,False,19,7,Montana,US
25804,Quail Run Fire,2024-07-13 21:13:23.270515+00:00,34.310848,-112.104529,normal,25804.0,2024-07-13 21:14:24.254314+00:00,1.01639665,0-15 min,False,21,7,Arizona,US
25809,Rancho Fire,2024-07-13 21:30:44.670928+00:00,35.10273216141137,-118.74528835071308,normal,25809.0,2024-07-13 22:32:21.733632+00:00,61.61771173333333,1-3 hours,True,21,7,California,US
25865,Lone Rock Fire,2024-07-14 00:04:51.869797+00:00,45.172083,-119.9615,normal,25865.0,2024-07-14 04:41:24.405999+00:00,276.5422700333333,3+ hours,True,0,7,Oregon,US
25867,North Twin Fire,2024-07-14 00:09:52.033641+00:00,43.731085,-121.768641,normal,25867.0,2024-07-14 00:31:32.672525+00:00,21.677314733333333,15-60 min,True,0,7,Oregon,US
25868,Rim Fire (3-6),2024-07-14 00:15:40.904702+00:00,40.90319914182695,-121.15918710107935,normal,25868.0,2024-07-14 03:06:11.064696+00:00,170.50266656666665,1-3 hours,True,0,7,California,US
25890,Quality Fire,2024-07-14 01:58:57.989887+00:00,36.574676,-118.057623,normal,25890.0,2024-07-14 02:08:57.174209+00:00,9.986405366666666,0-15 min,True,1,7,California,US
25974,Laura Fire,2024-07-14 20:58:22.620870+00:00,35.56662859976356,-118.40739605520407,normal,25974.0,2024-07-14 21:10:14.266414+00:00,11.860759066666667,0-15 min,True,20,7,California,US
25998,Miller Peak Fire,2024-07-14 23:17:19.050961+00:00,46.732667,-113.866333,normal,25998.0,2024-07-15 03:57:51.848021+00:00,280.5466176666667,3+ hours,False,23,7,Montana,US
26024,Loc Mp 83 Fire,2024-07-15 00:42:14.523629+00:00,45.60756646758776,-121.20062340923717,normal,26024.0,2024-07-15 00:45:05.826654+00:00,2.8550504166666664,0-15 min,True,0,7,Washington,US
26032,Connected Lakes Fire,2024-07-15 01:21:38.813774+00:00,39.073203,-108.601227,normal,26032.0,2024-07-15 02:43:27.631279+00:00,81.81362508333333,1-3 hours,False,1,7,Colorado,US
26053,Hackley Fire,2024-07-15 06:33:38.885946+00:00,45.3019704,-106.7305041,normal,26053.0,2024-07-15 06:34:21.541258+00:00,0.7109218666666667,0-15 min,False,6,7,Montana,US
26054,Prairie Fire,2024-07-15 06:33:48.180317+00:00,45.26843237700805,-106.67206569732105,normal,26054.0,2024-07-15 06:34:09.580148+00:00,0.35666385,0-15 min,False,6,7,Montana,US
26109,Paradise Fire,2024-07-15 21:38:27.437448+00:00,41.7879259,-122.5142589,normal,26109.0,2024-07-15 21:51:56.368239+00:00,13.48217985,0-15 min,True,21,7,California,US
26129,Bodenhamer Road Fire,2024-07-15 22:43:34.394336+00:00,44.08617658543656,-123.2161867850876,normal,26129.0,2024-07-16 00:48:16.264437+00:00,124.69783501666667,1-3 hours,True,22,7,Oregon,US
26131,Long Fire,2024-07-15 22:53:26.631323+00:00,35.82190106627698,-118.17951180994532,normal,26131.0,2024-07-19 00:33:31.918419+00:00,4420.088118266666,3+ hours,True,22,7,California,US
26144,Texas Fire,2024-07-15 23:31:05.674860+00:00,46.633697,-116.592735,normal,26144.0,2024-07-16 00:42:30.570970+00:00,71.41493516666667,1-3 hours,True,23,7,Idaho,US
26172,Hill Fire,2024-07-16 01:05:58.042480+00:00,40.769307811402825,-123.63247908178865,normal,26172.0,2024-07-16 23:13:16.381700+00:00,1327.3056536666666,3+ hours,True,1,7,California,US
26187,Cougar Creek Fire,2024-07-16 02:13:11.012603+00:00,46.038979,-117.317745,normal,26187.0,2024-07-16 23:17:08.527389+00:00,1263.9585797666666,3+ hours,True,2,7,Washington,US
26257,Sunbanks Lake Fire,2024-07-16 21:39:57.518402+00:00,47.926775556859525,-119.04860741252313,normal,26257.0,2024-07-16 22:45:31.247768+00:00,65.5621561,1-3 hours,True,21,7,Washington,US
26277,Grant Fire,2024-07-16 23:06:13.031061+00:00,42.378097,-122.939821,normal,26277.0,2024-07-16 23:24:46.202105+00:00,18.552850733333333,15-60 min,True,23,7,Oregon,US
26279,Spring Valley Fire,2024-07-16 23:09:11.803494+00:00,38.775825,-119.59572,normal,26279.0,2024-07-17 00:32:51.519344+00:00,83.66193083333333,1-3 hours,True,23,7,Nevada,US
26287,Donomore Fire,2024-07-16 23:56:46.752054+00:00,41.99904079100722,-122.91322794339791,normal,26287.0,2024-07-19 20:03:16.144258+00:00,4086.4898700666668,3+ hours,True,23,7,Oregon,US
26337,Iowa Fire,2024-07-17 03:51:55.180152+00:00,39.09053326407496,-120.9173789443124,normal,26337.0,2024-07-17 06:02:23.429516+00:00,130.47082273333334,1-3 hours,True,3,7,California,US
26342,Trail Fire (Diamond Complex),2024-07-17 04:12:48.000824+00:00,43.15618964178503,-122.12366202798688,normal,26342.0,2024-07-17 22:51:32.080994+00:00,1118.7346695,3+ hours,True,4,7,Oregon,US
26347,High Prairie Fire,2024-07-17 05:03:38.508255+00:00,43.797508429961766,-122.4379487802938,normal,26347.0,2024-07-17 16:16:32.480033+00:00,672.8995296333334,3+ hours,True,5,7,Oregon,US
26383,Durkee Fire,2024-07-17 16:50:23.168449+00:00,44.547644,-117.477149,normal,26383.0,2024-07-18 11:29:47.618038+00:00,1119.40749315,3+ hours,True,16,7,Oregon,US
26389,Luna Fire,2024-07-17 17:50:34.357760+00:00,45.838904040209314,-120.67630839684634,normal,26389.0,2024-07-17 18:27:48.216056+00:00,37.2309716,15-60 min,True,17,7,Washington,US
26392,Red Fire,2024-07-17 18:11:36.726657+00:00,43.49946985207109,-122.04543272454856,normal,26392.0,2024-07-21 20:58:15.120005+00:00,5926.639889133334,3+ hours,True,18,7,Oregon,US
26429,Wickiup Fire,2024-07-17 20:57:36.306956+00:00,43.72585,-121.732417,normal,26429.0,2024-07-18 00:32:12.136865+00:00,214.59716515,3+ hours,True,20,7,Oregon,US
26430,Round Mountain Fire,2024-07-17 21:01:17.505469+00:00,43.754117,-121.715617,normal,26430.0,2024-07-18 00:30:01.408009+00:00,208.731709,3+ hours,True,21,7,Oregon,US
26448,Middle Fork Fire,2024-07-17 22:10:36.452432+00:00,43.026833,-122.232367,normal,26448.0,2024-08-02 18:36:32.248962+00:00,22825.929942166666,3+ hours,True,22,7,Oregon,US
26452,Lane 1 Fire,2024-07-17 22:25:17.925134+00:00,43.66371865665667,-122.7892386807653,normal,26452.0,2024-07-23 16:35:27.405287+00:00,8290.158002549999,3+ hours,True,22,7,Oregon,US
26456,Pilot Rock Fire,2024-07-17 22:31:37.077438+00:00,45.452117,-118.925467,normal,26456.0,2024-07-18 03:15:44.643282+00:00,284.1260974,3+ hours,True,22,7,Oregon,US
26458,Lemolo Fire (Diamond Complex),2024-07-17 22:42:54.536099+00:00,43.324393651817445,-122.1651472595278,normal,26458.0,2024-07-18 02:48:42.939818+00:00,245.80672865,3+ hours,True,22,7,Oregon,US
26464,North Fork Owens Fire,2024-07-17 23:05:17.545141+00:00,45.190083,-118.977717,normal,26464.0,2024-07-19 03:07:43.550418+00:00,1682.4334212833335,3+ hours,True,23,7,Oregon,US
26470,Boneyard Fire,2024-07-17 23:16:17.961039+00:00,44.964117,-119.479383,normal,26470.0,2024-07-19 02:35:59.012651+00:00,1639.6841935333332,3+ hours,True,23,7,Oregon,US
26473,Coombes Canyon Fire,2024-07-17 23:24:05.811532+00:00,45.58727216757515,-118.87076256000292,normal,26473.0,2024-07-18 01:59:24.206938+00:00,155.3065901,1-3 hours,True,23,7,Oregon,US
26495,Pyramid Fire (North Willamette Complex),2024-07-18 00:33:39.297595+00:00,44.49540243023122,-122.15332622373823,normal,26495.0,2024-07-19 07:28:53.324753+00:00,1855.2337859666666,3+ hours,True,0,7,Oregon,US
26500,Moss Mountain Fire (South Willamette Complex),2024-07-18 00:44:36.521456+00:00,43.58118682502303,-122.26041856507766,normal,26500.0,2024-09-24 16:29:32.569316+00:00,98864.934131,3+ hours,True,0,7,Oregon,US
26505,Snake Fire,2024-07-18 01:01:38.313877+00:00,45.055783,-119.010917,normal,26505.0,2024-07-19 01:32:15.678084+00:00,1470.6227367833335,3+ hours,True,1,7,Oregon,US
26512,Chalk Fire (South Willamette Complex),2024-07-18 01:47:45.211048+00:00,43.887333,-122.431,normal,26512.0,2024-07-20 19:49:06.997239+00:00,3961.3631031833334,3+ hours,True,1,7,Oregon,US
26538,208 Fire (South Willamette Complex),2024-07-18 02:53:37.476301+00:00,43.50496112916949,-122.15737735428296,normal,26538.0,2024-09-24 16:28:00.879034+00:00,98734.39004555,3+ hours,True,2,7,Oregon,US
26541,Easy Fire,2024-07-18 02:59:40.862550+00:00,48.597033,-120.790217,normal,26541.0,2024-07-21 21:40:15.284079+00:00,5440.57369215,3+ hours,True,2,7,Washington,US
26568,Swawilla I Fire,2024-07-18 05:10:17.928931+00:00,47.945833,-118.778334,normal,26568.0,2024-07-20 01:13:02.307135+00:00,2642.7396367333336,3+ hours,True,5,7,Washington,US
26601,Buck Mountain Fire,2024-07-18 15:56:33.132669+00:00,45.709667,-118.193667,normal,26601.0,2024-07-18 19:08:06.298403+00:00,191.55276223333334,3+ hours,True,15,7,Oregon,US
26640,Adam Mountain Fire,2024-07-18 19:46:49.791755+00:00,43.61765,-122.727517,normal,26640.0,2024-08-05 06:35:06.035688+00:00,25128.270732216664,3+ hours,True,19,7,Oregon,US
26643,Double Snag Fire,2024-07-18 20:00:42.501299+00:00,45.021917,-118.660917,normal,26643.0,2024-08-03 17:48:19.605401+00:00,22907.618401699998,3+ hours,True,20,7,Oregon,US
26687,Wilson Creek Fire,2024-07-18 23:05:45.761386+00:00,47.446221737742405,-119.1042380741112,normal,26687.0,2024-07-19 00:39:19.869196+00:00,93.56846350000001,1-3 hours,True,23,7,Washington,US
26690,Pincer Two Fire (Miners Complex),2024-07-18 23:15:29.008848+00:00,48.470633,-121.143783,normal,26690.0,2024-08-11 18:05:20.108493+00:00,34249.85166075,3+ hours,True,23,7,Washington,US
26700,Monkey Creek Fire (Battle Mountain Complex),2024-07-18 23:32:38.636013+00:00,45.00875,-119.186367,normal,26700.0,2024-07-20 05:44:36.310686+00:00,1811.96124455,3+ hours,True,23,7,Oregon,US
26709,Pine Bench Fire (Diamond Complex),2024-07-19 00:21:50.354893+00:00,43.313133585551526,-122.50749970097353,normal,26709.0,2024-07-19 01:29:10.926551+00:00,67.34286096666666,1-3 hours,True,0,7,Oregon,US
26722,Quail Fire,2024-07-19 00:54:02.558034+00:00,44.407583,-121.270667,normal,26722.0,2024-07-19 01:51:43.012460+00:00,57.67424043333333,15-60 min,True,0,7,Oregon,US
26806,Vegetation Fire,2024-07-19 19:08:36.195702+00:00,42.9741107,-123.1731391,normal,26806.0,2024-07-19 19:12:45.476556+00:00,4.1546809,0-15 min,True,19,7,Oregon,US
26813,Jackpine Fire,2024-07-19 19:45:50.360266+00:00,43.634667,-121.5548,normal,26813.0,2024-07-19 22:23:38.291703+00:00,157.79885728333332,1-3 hours,True,19,7,Oregon,US
26825,Western Inn Fire,2024-07-19 20:39:17.576800+00:00,39.76223387539776,-105.64711327849317,normal,26825.0,2024-07-19 20:39:32.499112+00:00,0.2487052,0-15 min,False,20,7,Colorado,US
26832,Weimar Fire,2024-07-19 20:56:05.245105+00:00,39.04970112420747,-120.97034698263651,normal,26832.0,2024-07-20 01:08:03.048681+00:00,251.96339293333332,3+ hours,True,20,7,California,US
26840,Blacktail Canyon Fire,2024-07-19 21:10:32.509416+00:00,45.885333,-112.428167,normal,26840.0,2024-07-20 01:55:22.787144+00:00,284.83796213333335,3+ hours,False,21,7,Montana,US
26842,Lower Sulphur Thirty-two Fire (Miners Complex),2024-07-19 21:20:54.095453+00:00,48.220755953024735,-121.11352922622096,normal,26842.0,2024-07-26 20:06:05.122936+00:00,10005.183791383333,3+ hours,True,21,7,Washington,US
26859,Bridge Creek Fire,2024-07-19 21:59:59.739321+00:00,48.2451,-118.6807,normal,26859.0,2024-07-20 20:29:42.209124+00:00,1349.70783005,3+ hours,True,21,7,Washington,US
26874,Clearwater Fire,2024-07-19 22:41:52.411805+00:00,44.447517,-109.6733,normal,26874.0,2024-07-30 04:33:04.701642+00:00,14751.204830616665,3+ hours,False,22,7,Wyoming,US
26891,Lehi Fire,2024-07-19 23:35:29.981469+00:00,38.87921739543589,-121.1551627785073,normal,26891.0,2024-07-20 00:03:03.865472+00:00,27.56473338333333,15-60 min,True,23,7,California,US
26922,Potter Fire (Diamond Complex),2024-07-20 01:00:22.375156+00:00,43.36386170778326,-122.3046529986029,normal,26922.0,2024-08-07 16:21:34.584195+00:00,26841.203483983336,3+ hours,True,1,7,Oregon,US
26927,Bible Lane Fire,2024-07-20 01:25:56.088566+00:00,46.994083,-114.4622,normal,26927.0,2024-07-20 04:47:49.689939+00:00,201.89335621666666,3+ hours,False,1,7,Montana,US
26940,Romero Fire,2024-07-20 02:35:32.682335+00:00,32.871171,-110.973213,normal,26940.0,2024-07-21 04:41:21.065794+00:00,1565.8063909833334,3+ hours,False,2,7,Arizona,US
27024,Cat Rock Fire (471),2024-07-20 22:53:08.130716+00:00,44.391069,-120.824112,normal,27024.0,2024-07-21 02:57:43.033113+00:00,244.58170661666665,3+ hours,True,22,7,Oregon,US
27026,Sandhurst Fire,2024-07-20 23:00:29.324166+00:00,40.80436236262042,-111.89151684620995,normal,27026.0,2024-07-20 23:56:02.495741+00:00,55.55285958333333,15-60 min,False,23,7,Utah,US
27033,Ridge Fire,2024-07-20 23:31:37.456518+00:00,39.02896877954674,-122.46632909430376,normal,27033.0,2024-07-20 23:50:45.387338+00:00,19.132180333333334,15-60 min,True,23,7,California,US
27098,Tabor Fire,2024-07-21 08:23:05.042893+00:00,39.7951336,-123.2669114,normal,27098.0,2024-07-21 08:23:20.893318+00:00,0.26417375,0-15 min,True,8,7,California,US
27156,Frazer Crossing Fire,2024-07-21 19:37:31.590217+00:00,48.36455196146841,-120.01360598780124,normal,27156.0,2024-07-21 20:13:36.473098+00:00,36.08138135,15-60 min,True,19,7,Washington,US
27158,Ridgeway Fire,2024-07-21 19:40:59.375229+00:00,38.757807258581295,-120.58886593823767,normal,27158.0,2024-07-21 20:34:12.530483+00:00,53.21925423333333,15-60 min,True,19,7,California,US
27165,Hawarden Fire,2024-07-21 20:35:52.509634+00:00,33.9287941,-117.3747396,normal,27165.0,2024-07-21 23:11:13.151561+00:00,155.34403211666668,1-3 hours,True,20,7,California,US
27176,Eagle Fire,2024-07-21 21:29:51.223053+00:00,33.82637492110962,-117.4960496140285,normal,27176.0,2024-07-21 22:39:17.675587+00:00,69.44087556666666,1-3 hours,True,21,7,California,US
27189,Knot Fire,2024-07-21 22:40:26.783291+00:00,42.469167,-121.439667,normal,27189.0,2024-07-21 23:43:15.633692+00:00,62.814173350000004,1-3 hours,True,22,7,Oregon,US
27198,Courtrock Fire,2024-07-21 23:17:58.410204+00:00,44.726833,-119.381111,normal,27198.0,2024-07-22 22:49:15.685531+00:00,1411.2879221166666,3+ hours,True,23,7,Oregon,US
27258,Butler Creek Fire,2024-07-22 08:18:17.210591+00:00,46.968951,-114.045048,normal,27258.0,2024-07-22 12:27:32.023015+00:00,249.24687373333333,3+ hours,False,8,7,Montana,US
27274,Columbia Fire,2024-07-22 15:46:35.918313+00:00,33.999524,-117.32122,normal,27274.0,2024-07-22 16:56:19.556539+00:00,69.72730376666667,1-3 hours,True,15,7,California,US
27278,Cherry Creek Fire (493),2024-07-22 16:10:14.624196+00:00,44.748167,-120.38605,normal,27278.0,2024-07-23 00:22:46.384945+00:00,492.5293458166667,3+ hours,True,16,7,Oregon,US
27308,Crazy Creek Fire (501),2024-07-22 19:39:37.530227+00:00,44.357962,-120.030697,normal,27308.0,2024-07-25 03:04:06.011651+00:00,3324.4746904,3+ hours,True,19,7,Oregon,US
27324,Durgan Fire (502),2024-07-22 20:41:15.472796+00:00,44.207283,-119.868867,normal,27324.0,2024-07-23 00:05:36.822727+00:00,204.35583218333335,3+ hours,True,20,7,Oregon,US
27325,Telephone Fire,2024-07-22 20:41:15.922528+00:00,43.757717,-118.8617,normal,27325.0,2024-07-23 05:07:52.287464+00:00,506.6060822666667,3+ hours,True,20,7,Oregon,US
27329,Big Horn Fire,2024-07-22 20:46:40.677762+00:00,45.90395,-120.239,normal,27329.0,2024-07-22 20:48:09.743309+00:00,1.4844257833333332,0-15 min,True,20,7,Washington,US
27334,Whiskey Fire,2024-07-22 21:05:34.571157+00:00,44.655692,-118.829609,normal,27334.0,2024-07-22 23:12:43.247045+00:00,127.14459813333333,1-3 hours,True,21,7,Oregon,US
27342,Mill Fire (Gold Complex),2024-07-22 21:42:42.777146+00:00,39.72625264464449,-120.52924460557152,normal,27342.0,2024-07-22 23:12:29.167168+00:00,89.77316703333332,1-3 hours,True,21,7,California,US
27354,Smith Fire (Gold Complex),2024-07-22 22:34:27.628855+00:00,39.818889530870536,-120.5271598889243,normal,27354.0,2024-07-23 00:12:43.976501+00:00,98.27246076666667,1-3 hours,True,22,7,California,US
27364,Microwave Tower Fire,2024-07-22 23:15:28.051212+00:00,45.68294511184146,-121.465563397115,normal,27364.0,2024-07-22 23:54:37.569879+00:00,39.15864445,15-60 min,True,23,7,Washington,US
27367,Skyline Fire,2024-07-22 23:20:29.390619+00:00,44.095972,-121.350266,normal,27367.0,2024-07-22 23:27:15.389538+00:00,6.76664865,0-15 min,True,23,7,Oregon,US
27370,Crandall Fire,2024-07-22 23:41:15.455594+00:00,44.5723,-117.411,normal,27370.0,2024-07-23 00:51:24.925124+00:00,70.1578255,1-3 hours,True,23,7,Oregon,US
27379,Thompson Fire,2024-07-23 00:07:35.170058+00:00,44.6200164675214,-117.4108033586783,normal,27379.0,2024-07-23 00:49:15.880028+00:00,41.6784995,15-60 min,True,0,7,Oregon,US
27388,W. White Swan Fire,2024-07-23 00:36:15.599090+00:00,46.381944,-120.750556,normal,27388.0,2024-07-23 01:20:14.811280+00:00,43.98686983333334,15-60 min,True,0,7,Washington,US
27397,Powder Fire,2024-07-23 01:25:15.390227+00:00,44.740567,-117.264433,normal,27397.0,2024-07-24 22:23:23.058587+00:00,2698.127806,3+ hours,True,1,7,Oregon,US
27405,Black Canyon Fire,2024-07-23 02:35:15.414486+00:00,46.88083890030606,-120.77346037954118,normal,27405.0,2024-07-23 03:12:27.681345+00:00,37.20444765,15-60 min,True,2,7,Washington,US
27422,Coyote Fire,2024-07-23 05:24:52.428858+00:00,44.725451,-117.092099,normal,27422.0,2024-07-23 19:34:55.208893+00:00,850.0463339166668,3+ hours,True,5,7,Idaho,US
27428,Maria Fire,2024-07-23 07:35:56.704795+00:00,38.28543863603716,-120.65666669560365,normal,27428.0,2024-07-23 11:50:33.968630+00:00,254.62106391666666,3+ hours,True,7,7,California,US
27471,Antelope Fire,2024-07-23 19:33:51.119080+00:00,41.054935,-112.240877,normal,27471.0,2024-07-23 19:35:40.518775+00:00,1.8233282499999999,0-15 min,False,19,7,Utah,US
27477,Circle Fire,2024-07-23 19:47:58.847453+00:00,37.15242090000001,-119.663638,normal,27477.0,2024-07-23 20:03:24.213814+00:00,15.422772683333333,15-60 min,True,19,7,California,US
27492,New Loveland Fire,2024-07-23 21:34:05.225694+00:00,39.759046290343065,-105.23307728580744,normal,27492.0,2024-07-23 21:37:31.634637+00:00,3.44014905,0-15 min,False,21,7,Colorado,US
27518,Retreat/Rimrock Fire,2024-07-23 23:08:49.877381+00:00,46.670833,-120.991717,normal,27518.0,2024-07-24 02:13:31.183623+00:00,184.68843736666668,3+ hours,True,23,7,Washington,US
27526,Harry Fire,2024-07-23 23:40:11.536560+00:00,41.671046206828265,-122.36874904115678,normal,27526.0,2024-07-23 23:47:42.124815+00:00,7.50980425,0-15 min,True,23,7,California,US
27537,Camp Creek Fire (523),2024-07-24 00:21:06.514422+00:00,44.007775,-120.16455,normal,27537.0,2024-07-24 23:11:00.878562+00:00,1369.9060690000001,3+ hours,True,0,7,Oregon,US
27551,Apache Fire,2024-07-24 01:38:40.668633+00:00,34.76398954223697,-119.41935490395456,normal,27551.0,2024-07-24 03:51:03.244419+00:00,132.37626310000002,1-3 hours,True,1,7,California,US
27605,Sand Fire,2024-07-24 19:35:17.676960+00:00,40.1823889,-122.2219167,normal,27605.0,2024-07-24 19:46:23.646517+00:00,11.099492616666668,0-15 min,True,19,7,California,US
27611,Borel Fire,2024-07-24 20:11:06.787547+00:00,35.51502440182267,-118.6837414225604,normal,27611.0,2024-07-24 23:09:07.757656+00:00,178.01616848333333,1-3 hours,True,20,7,California,US
27613,Grove Fire,2024-07-24 20:17:28.274535+00:00,33.40951406910706,-116.74164243470298,normal,27613.0,2024-07-25 00:27:18.320471+00:00,249.83409893333334,3+ hours,True,20,7,California,US
27621,Pipeline Fire,2024-07-24 20:51:24.540338+00:00,40.4105,-123.2057222,normal,27621.0,2024-07-25 06:50:12.629013+00:00,598.8014779166666,3+ hours,True,20,7,California,US
27625,Bullion Fire,2024-07-24 21:08:50.230232+00:00,37.50930660000003,-120.04683160000002,normal,27625.0,2024-07-24 21:51:11.768635+00:00,42.358973383333336,15-60 min,True,21,7,California,US
27627,Stockade Canyon Fire,2024-07-24 21:21:51.407023+00:00,40.77177330467609,-119.71890326883374,normal,27627.0,2024-07-27 02:07:58.048767+00:00,3166.110695733333,3+ hours,True,21,7,California,US
27632,Scales Fire,2024-07-24 21:32:02.312791+00:00,40.3398056,-122.2830833,normal,27632.0,2024-07-24 22:01:57.100839+00:00,29.913134133333333,15-60 min,True,21,7,California,US
27638,Park Fire,2024-07-24 21:55:06.860336+00:00,39.77147589460637,-121.7662720821432,normal,27638.0,2024-07-24 23:44:36.604351+00:00,109.49573358333333,1-3 hours,True,21,7,California,US
27642,Badger Fire,2024-07-24 22:10:45.524858+00:00,44.963644,-106.765095,normal,27642.0,2024-07-25 22:37:47.154102+00:00,1467.0271540666665,3+ hours,False,22,7,Wyoming,US
27697,Boulder Fire (West Mountain Complex),2024-07-25 00:47:36.271895+00:00,44.37775,-116.112,normal,27697.0,2024-09-01 22:32:41.026816+00:00,56025.07924868333,3+ hours,True,0,7,Idaho,US
27722,Wolf Creek Fire (West Mountain Complex),2024-07-25 01:50:17.767411+00:00,44.602833,-116.210333,normal,27722.0,2024-07-31 20:39:50.943621+00:00,9769.552936833332,3+ hours,True,1,7,Idaho,US
27723,Gwen Fire,2024-07-25 01:50:18.220571+00:00,46.53264,-116.75343,normal,27723.0,2024-07-25 21:03:43.302434+00:00,1153.41803105,3+ hours,True,1,7,Idaho,US
27752,Wapiti Fire,2024-07-25 03:05:36.543241+00:00,44.150283,-115.205117,normal,27752.0,2024-08-18 18:17:27.596872+00:00,35471.85089385,3+ hours,True,3,7,Idaho,US
27759,Hole In The Ground Fire,2024-07-25 03:37:36.149740+00:00,43.197097,-117.609275,normal,27759.0,2024-07-27 13:23:15.205608+00:00,3465.6509311333334,3+ hours,True,3,7,Idaho,US
27762,Thunder Fire,2024-07-25 03:40:47.212177+00:00,45.03675866612002,-113.96342628729748,normal,27762.0,2024-07-25 21:37:01.704885+00:00,1076.2415451333334,3+ hours,False,3,7,Idaho,US
27777,Limepoint Fire,2024-07-25 04:17:42.670209+00:00,45.0755,-116.751,normal,27777.0,2024-07-27 08:23:54.088802+00:00,3126.1903098833336,3+ hours,True,4,7,Idaho,US
27803,Sand Fire,2024-07-25 05:54:42.395561+00:00,44.039918,-119.286715,normal,27803.0,2024-08-07 19:52:50.402887+00:00,19558.133455433333,3+ hours,True,5,7,Oregon,US
27818,Walla Walla River Rd/Powerline Rd Fire,2024-07-25 10:03:42.056110+00:00,45.90423016277848,-118.33994131083202,normal,27818.0,2024-07-25 22:00:06.463226+00:00,716.4067852666667,3+ hours,True,10,7,Oregon,US
27884,Railroad Fire,2024-07-25 18:27:01.814330+00:00,46.156833,-113.859,normal,27884.0,2024-09-10 16:45:16.182660+00:00,67578.23947216666,3+ hours,False,18,7,Montana,US
27909,Acorn Fire,2024-07-25 20:01:58.628072+00:00,39.14035739779942,-122.87723974295608,normal,27909.0,2024-07-25 20:36:27.174834+00:00,34.475779366666664,15-60 min,True,20,7,California,US
27911,River Fire,2024-07-25 20:07:45.105941+00:00,46.492167,-116.740833,normal,27911.0,2024-07-25 22:12:24.015976+00:00,124.64850058333333,1-3 hours,True,20,7,Idaho,US
27931,Lawton Fire,2024-07-25 21:22:26.833497+00:00,34.043238995516845,-117.2694248666437,normal,27931.0,2024-07-25 22:01:46.866746+00:00,39.333887483333335,15-60 min,True,21,7,California,US
27955,Grange Fire,2024-07-25 22:44:48.522272+00:00,39.054295,-123.4241,normal,27955.0,2024-07-25 23:20:25.298682+00:00,35.61294016666667,15-60 min,True,22,7,California,US
27995,Bull Trout Fire (West Mountain Complex),2024-07-26 00:10:32.519194+00:00,44.293833,-115.26,normal,27995.0,2024-08-04 18:36:20.464063+00:00,14065.79908115,3+ hours,True,0,7,Idaho,US
28001,Johnson Fire,2024-07-26 00:24:24.199717+00:00,45.8665,-113.714167,normal,28001.0,2024-08-03 21:21:54.289346+00:00,12777.501493816668,3+ hours,False,0,7,Montana,US
28004,Parasol Butte Fire,2024-07-26 00:26:46.348991+00:00,44.057390174159934,-118.90198418583044,normal,28004.0,2024-07-26 00:29:05.123326+00:00,2.3129055833333334,0-15 min,True,0,7,Oregon,US
28015,Macy Fire,2024-07-26 00:57:59.312720+00:00,33.65434390367881,-117.38390038980616,normal,28015.0,2024-07-26 01:13:04.130815+00:00,15.080301583333332,15-60 min,True,0,7,California,US
28060,Sand Stone Fire,2024-07-26 05:28:47.673686+00:00,33.75945,-111.594967,normal,28060.0,2024-07-29 19:02:37.987032+00:00,5133.838555766666,3+ hours,False,5,7,Arizona,US
28140,Columbia Basin Fire,2024-07-26 20:51:52.620387+00:00,47.416208,-117.803768,normal,28140.0,2024-07-26 21:50:34.431469+00:00,58.69685136666667,15-60 min,True,20,7,Washington,US
28160,Point Fire,2024-07-26 22:00:45.766191+00:00,38.0241907378252,-121.99625167929388,normal,28160.0,2024-07-26 22:42:15.163033+00:00,41.48994736666667,15-60 min,True,22,7,California,US
28178,Creek Fire,2024-07-26 22:58:44.991889+00:00,37.515588779988406,-121.8245838981326,normal,28178.0,2024-07-27 00:04:38.898882+00:00,65.89844988333333,1-3 hours,True,22,7,California,US
28187,Upper Cemetery Fire,2024-07-27 00:00:53.949177+00:00,47.66265,-117.475217,normal,28187.0,2024-07-27 01:28:44.380867+00:00,87.84052816666667,1-3 hours,True,0,7,Washington,US
28200,Water Fire,2024-07-27 00:58:46.234317+00:00,37.1597900748537,-121.9715211884583,normal,28200.0,2024-07-27 01:14:23.851382+00:00,15.626951083333333,15-60 min,True,0,7,California,US
28285,Currant Creek Fire,2024-07-27 21:30:52.100322+00:00,38.938283,-107.838283,normal,28285.0,2024-07-27 21:39:43.434458+00:00,8.855568933333332,0-15 min,False,21,7,Colorado,US
28293,Cosgrove Fire,2024-07-27 21:55:16.721502+00:00,38.22617058566252,-120.8030522419439,normal,28293.0,2024-07-27 23:33:26.408728+00:00,98.16145376666667,1-3 hours,True,21,7,California,US
28304,Peaceful Valley Fire,2024-07-27 22:37:35.785169+00:00,44.30816795172424,-105.62630995086607,normal,28304.0,2024-07-27 22:37:49.698514+00:00,0.23188908333333333,0-15 min,False,22,7,Wyoming,US
28321,Kolob Fire,2024-07-27 23:24:11.896009+00:00,37.223896617999216,-113.14359834538068,normal,28321.0,2024-07-27 23:48:57.961308+00:00,24.767754983333337,15-60 min,False,23,7,Utah,US
28323,Umtanum/Canyon Fire,2024-07-27 23:27:11.413873+00:00,46.884167,-120.486467,normal,28323.0,2024-07-28 00:15:02.075411+00:00,47.84435896666666,15-60 min,True,23,7,Washington,US
28357,Horsethief Lake/Cloudville Fire,2024-07-28 02:50:08.033941+00:00,45.64855,-121.126033,normal,28357.0,2024-07-28 03:18:47.408568+00:00,28.65624378333333,15-60 min,True,2,7,Washington,US
28387,Trail Fire,2024-07-28 17:30:02.079635+00:00,33.41777776159816,-117.27455479091056,normal,28387.0,2024-07-28 19:30:34.131675+00:00,120.53420066666666,1-3 hours,True,17,7,California,US
28396,Twin Forks Fire,2024-07-28 19:35:33.577276+00:00,39.59247804207431,-105.22168482525382,normal,28396.0,2024-07-28 20:27:19.348587+00:00,51.762855183333336,15-60 min,False,19,7,Colorado,US
28471,Mullen Hill/ 195 Fire,2024-07-29 00:58:59.183576+00:00,47.57487325301858,-117.40065384621124,normal,28471.0,2024-07-29 02:09:47.604923+00:00,70.80702245,1-3 hours,True,0,7,Washington,US
28506,Alexander Mountain Fire,2024-07-29 17:08:53.437778+00:00,40.428533,-105.2487,normal,28506.0,2024-07-29 17:36:53.576592+00:00,28.002313566666665,15-60 min,False,17,7,Colorado,US
28529,Nixon Fire,2024-07-29 19:35:01.472016+00:00,33.475469747655026,-116.78318071465056,normal,28529.0,2024-07-29 20:01:12.467439+00:00,26.18325705,15-60 min,True,19,7,California,US
28538,Dog Man Fire,2024-07-29 20:50:43.073568+00:00,44.19211,-104.6717,normal,28538.0,2024-07-29 21:46:09.872300+00:00,55.44664553333334,15-60 min,False,20,7,Wyoming,US
28540,Lower Granite Fire,2024-07-29 21:16:50.053589+00:00,46.5722776474349,-117.46760241210836,normal,28540.0,2024-07-29 21:49:05.913944+00:00,32.26433925,15-60 min,True,21,7,Washington,US
28541,Black Mountain Fire,2024-07-29 21:25:43.873168+00:00,47.012028,-112.772444,normal,28541.0,2024-07-29 23:37:49.225711+00:00,132.08920905,1-3 hours,False,21,7,Montana,US
28573,Cougar Fire,2024-07-29 23:32:54.884325+00:00,40.002009,-122.404759,normal,28573.0,2024-07-29 23:53:02.601664+00:00,20.128622316666668,15-60 min,True,23,7,California,US
28640,Stone Canyon Fire,2024-07-30 19:48:58.451137+00:00,40.23656811368042,-105.26075121869866,normal,28640.0,2024-07-30 20:07:01.212013+00:00,18.0460146,15-60 min,False,19,7,Colorado,US
28641,Pedro Fire,2024-07-30 19:52:36.891368+00:00,37.687777920916034,-120.31622709235504,normal,28641.0,2024-07-30 20:49:45.208738+00:00,57.138622833333336,15-60 min,True,19,7,California,US
28642,Gate Fire,2024-07-30 20:10:31.766719+00:00,37.96521497827436,-120.3941830505534,normal,28642.0,2024-07-30 20:39:17.149630+00:00,28.75638185,15-60 min,True,20,7,California,US
28660,Pleasant Valley Fire,2024-07-30 21:32:48.218724+00:00,42.30821,-104.725262,normal,28660.0,2024-07-31 00:48:50.096073+00:00,196.03128915,3+ hours,False,21,7,Wyoming,US
28682,Pole Fire,2024-07-30 23:31:01.230132+00:00,34.41424951157528,-117.17255527619967,normal,28682.0,2024-07-31 01:30:01.667049+00:00,119.00728195,1-3 hours,True,23,7,California,US
28707,Quarry Fire,2024-07-31 04:07:11.018031+00:00,39.53671075614815,-105.16242280756296,normal,28707.0,2024-07-31 05:02:45.732799+00:00,55.57857946666666,15-60 min,False,4,7,Colorado,US
28712,Road 20 Fire,2024-07-31 05:21:36.913428+00:00,47.38394053332041,-119.43758436418888,normal,28712.0,2024-07-31 05:28:45.886179+00:00,7.14954585,0-15 min,True,5,7,Washington,US
28754,Beebe Cliff Fire,2024-07-31 19:32:11.869230+00:00,47.796906,-119.976239,normal,28754.0,2024-07-31 20:32:40.421445+00:00,60.47587025,1-3 hours,True,19,7,Washington,US
28765,Lake Shore Fire,2024-07-31 20:44:25.381924+00:00,39.95759244686417,-105.36919960737532,normal,28765.0,2024-07-31 21:03:19.712974+00:00,18.9055175,15-60 min,False,20,7,Colorado,US
28833,Kirkendahl Fire,2024-08-01 20:41:25.674513+00:00,43.050032199999976,-123.6701797,normal,28833.0,2024-08-01 22:15:59.243095+00:00,94.55947636666666,1-3 hours,True,20,8,Oregon,US
28927,Mile Marker 132 Fire (580),2024-08-02 21:51:17.504213+00:00,44.127048315955534,-121.28273368841552,normal,28927.0,2024-08-02 22:55:53.870069+00:00,64.6060976,1-3 hours,True,21,8,Oregon,US
28934,River Road/Webber St Fire,2024-08-02 22:11:38.045393+00:00,45.613528,-121.198806,normal,28934.0,2024-08-02 23:30:19.934790+00:00,78.69815661666667,1-3 hours,True,22,8,Washington,US
28935,Alamos Fire,2024-08-02 22:19:38.047039+00:00,33.58520822359425,-117.16273194302332,normal,28935.0,2024-08-02 22:35:04.258921+00:00,15.4368647,15-60 min,True,22,8,California,US
28976,Stillman Fire (581),2024-08-03 01:28:15.075226+00:00,44.24739449081744,-120.96260604247118,normal,28976.0,2024-08-03 01:41:40.021004+00:00,13.415762966666668,0-15 min,True,1,8,Oregon,US
29020,Sunset Ridge Fire,2024-08-03 18:10:17.548284+00:00,48.964046,-119.334561,normal,29020.0,2024-08-03 18:31:24.753087+00:00,21.120080050000002,15-60 min,True,18,8,Washington,US
29042,Vegetation Fire,2024-08-03 20:57:31.030951+00:00,33.57935676905964,-117.18064315960844,normal,29042.0,2024-08-03 21:37:59.543040+00:00,40.47520148333333,15-60 min,True,20,8,California,US
29274,Bartlett Fire,2024-08-05 00:19:42.542998+00:00,33.895833,-111.65,normal,29274.0,2024-08-05 04:46:07.411679+00:00,266.4144780166667,3+ hours,False,0,8,Arizona,US
29277,Bella Fire,2024-08-05 00:41:38.672380+00:00,35.63743581307492,-117.97682286729496,normal,29277.0,2024-08-05 01:35:12.726437+00:00,53.567567616666665,15-60 min,True,0,8,California,US
29284,Clair Fire,2024-08-05 00:53:27.846833+00:00,33.946033,-111.704783,normal,29284.0,2024-08-05 04:44:56.100024+00:00,231.47088651666667,3+ hours,False,0,8,Arizona,US
29303,Bennett Fire (596),2024-08-05 01:54:29.462357+00:00,44.947334,-120.656555,normal,29303.0,2024-08-05 03:22:41.334452+00:00,88.19786825,1-3 hours,True,1,8,Oregon,US
29308,Elk Lane Fire (604),2024-08-05 02:33:08.352614+00:00,44.657306,-121.224369,normal,29308.0,2024-08-05 03:18:38.441693+00:00,45.501484649999995,15-60 min,True,2,8,Oregon,US
29309,Wally Fire,2024-08-05 02:34:19.975048+00:00,33.826111,-111.329444,normal,29309.0,2024-08-05 22:22:12.502309+00:00,1187.87545435,3+ hours,False,2,8,Arizona,US
29352,Calcite Creek Fire,2024-08-05 16:30:57.233951+00:00,48.999983,-120.552633,normal,29352.0,2024-08-07 18:53:02.821676+00:00,3022.09312875,3+ hours,True,16,8,British Columbia,CA
29366,Town Gulch Fire,2024-08-05 17:25:48.654055+00:00,44.8775,-117.254967,normal,29366.0,2024-08-06 03:15:42.354177+00:00,589.8950020333334,3+ hours,True,17,8,Oregon,US
29388,Salmon Creek Fire,2024-08-05 18:37:17.765350+00:00,48.52586659095141,-119.71331818497184,normal,29388.0,2024-08-05 22:05:38.767885+00:00,208.35004225,3+ hours,True,18,8,Washington,US
29398,Hampton Fire,2024-08-05 19:28:12.289490+00:00,43.97172270565383,-123.01477384695391,normal,29398.0,2024-08-05 20:02:55.929066+00:00,34.727326266666665,15-60 min,True,19,8,Oregon,US
29451,Edgehill Fire,2024-08-05 21:47:25.948812+00:00,34.152585,-117.303954,normal,29451.0,2024-08-05 22:50:12.770823+00:00,62.78036685,1-3 hours,True,21,8,California,US
29452,Wolf Fork Fire,2024-08-05 21:47:58.536237+00:00,46.208192,-117.858139,normal,29452.0,2024-08-07 22:03:51.362729+00:00,2895.8804415333334,3+ hours,True,21,8,Washington,US
29462,Sandstone Fire,2024-08-05 22:10:59.611938+00:00,44.9865,-122.174167,normal,29462.0,2024-08-07 22:23:11.765061+00:00,2892.20255205,3+ hours,True,22,8,Oregon,US
29484,Williams Mine Fire,2024-08-05 23:03:06.939000+00:00,46.175117,-121.601617,normal,29484.0,2024-08-06 13:46:11.516922+00:00,883.0762986999999,3+ hours,True,23,8,Washington,US
29487,Bulldog Fire,2024-08-05 23:06:57.836060+00:00,44.212367,-115.90005,normal,29487.0,2024-08-07 18:10:09.566057+00:00,2583.19549995,3+ hours,True,23,8,Idaho,US
29499,Snag Fire,2024-08-05 23:27:57.657886+00:00,44.548367,-115.840167,normal,29499.0,2024-08-08 04:54:53.851180+00:00,3206.9365549,3+ hours,True,23,8,Idaho,US
29519,Warner Peak Fire,2024-08-06 00:19:57.304025+00:00,42.427783,-119.8052,normal,29519.0,2024-08-07 19:01:24.562968+00:00,2561.4543157166668,3+ hours,True,0,8,Oregon,US
29525,Goat Fire,2024-08-06 00:34:02.014528+00:00,44.431667,-115.827817,normal,29525.0,2024-10-04 21:44:20.271608+00:00,86230.30428466666,3+ hours,True,0,8,Idaho,US
29545,Black Eagle Fire,2024-08-06 01:39:04.104188+00:00,44.987867,-114.587033,normal,29545.0,2024-08-28 21:26:00.595349+00:00,32866.94151935,3+ hours,False,1,8,Idaho,US
29552,Paddock Fire,2024-08-06 02:02:06.463402+00:00,44.15945,-116.511238,normal,29552.0,2024-08-07 01:37:59.013001+00:00,1415.8758266500001,3+ hours,True,2,8,Idaho,US
29588,Nellie Fire,2024-08-06 15:47:14.185785+00:00,44.15905,-115.713217,normal,29588.0,2024-08-20 20:32:00.452488+00:00,20444.77111171667,3+ hours,True,15,8,Idaho,US
29710,Element Fire,2024-08-07 01:41:19.545621+00:00,35.457633,-114.09145,normal,29710.0,2024-08-07 05:02:46.935083+00:00,201.45649103333332,3+ hours,False,1,8,Arizona,US
29733,Left Fork Fire,2024-08-07 04:12:45.157121+00:00,35.443783,-114.077033,normal,29733.0,2024-08-07 04:14:19.625344+00:00,1.5744703833333333,0-15 min,False,4,8,Arizona,US
29745,Crozier Fire,2024-08-07 06:01:53.503556+00:00,38.82855580331562,-120.69749244446848,normal,29745.0,2024-08-07 07:53:36.765990+00:00,111.72104056666667,1-3 hours,True,6,8,California,US
29824,Silver Fire,2024-08-07 21:17:17.774632+00:00,38.70535390674766,-121.0198220461792,normal,29824.0,2024-08-07 21:45:58.942381+00:00,28.68612915,15-60 min,True,21,8,California,US
29861,Clay Pit Fire,2024-08-07 23:23:01.403569+00:00,40.29655227997614,-111.9272796117855,normal,29861.0,2024-08-07 23:28:22.515825+00:00,5.351870933333333,0-15 min,False,23,8,Utah,US
29873,Byrne Fire,2024-08-07 23:54:14.792833+00:00,39.25879940678382,-121.21048947134534,normal,29873.0,2024-08-08 00:25:23.800836+00:00,31.150133383333333,15-60 min,True,23,8,California,US
29880,Purple Fire,2024-08-08 00:30:55.477323+00:00,39.45867996293308,-121.35772407194249,normal,29880.0,2024-08-08 01:38:39.000907+00:00,67.72539306666667,1-3 hours,True,0,8,California,US
29913,Flat Fire,2024-08-08 06:40:19.053398+00:00,43.988667,-115.82,normal,29913.0,2024-08-17 17:29:28.345037+00:00,13609.154860649998,3+ hours,True,6,8,Idaho,US
29948,Lee Falls Fire,2024-08-08 18:26:23.946687+00:00,45.45692751284125,-123.26571524585935,normal,29948.0,2024-08-08 19:10:37.326711+00:00,44.223000400000004,15-60 min,True,18,8,Oregon,US
29976,Farm Fire,2024-08-08 21:48:10.945033+00:00,34.483833,-112.89725,normal,29976.0,2024-08-08 22:37:16.443245+00:00,49.09163686666667,15-60 min,False,21,8,Arizona,US
30053,Canyon Fire,2024-08-09 06:02:08.647621+00:00,37.97781582494639,-120.21348540770438,normal,30053.0,2024-08-09 06:50:58.889345+00:00,48.837362066666664,15-60 min,True,6,8,California,US
30056,South End Fire,2024-08-09 07:23:58.498059+00:00,45.30535176741074,-122.66232344599342,normal,30056.0,2024-08-09 07:35:06.364113+00:00,11.1311009,0-15 min,True,7,8,Oregon,US
30072,Ruby Fire,2024-08-09 15:22:50.360349+00:00,48.67895,-121.04844,normal,30072.0,2024-08-10 14:36:50.226638+00:00,1393.9977714833333,3+ hours,True,15,8,Washington,US
30081,Boise Fire,2024-08-09 17:04:25.652446+00:00,41.25099684628839,-123.51762185788284,normal,30081.0,2024-08-10 01:05:30.222872+00:00,481.0761737666666,3+ hours,True,17,8,California,US
30192,Merna Butte Fire,2024-08-10 08:55:49.584209+00:00,42.93803321498984,-110.36338023945854,normal,30192.0,2024-08-10 15:29:04.162731+00:00,393.24297536666666,3+ hours,False,8,8,Wyoming,US
30232,Blue Fire,2024-08-10 19:47:20.283173+00:00,35.334176665894915,-118.42035628882942,normal,30232.0,2024-08-10 20:14:18.004908+00:00,26.962028916666668,15-60 min,True,19,8,California,US
30251,Dixon/Tiller Trail Fire,2024-08-10 21:54:30.025550+00:00,42.916386532368335,-122.93115738599812,normal,30251.0,2024-08-10 22:26:02.779674+00:00,31.545902066666667,15-60 min,True,21,8,Oregon,US
30266,Lower Fire,2024-08-10 23:04:00.882593+00:00,40.581893,-122.449341,normal,30266.0,2024-08-10 23:29:02.913188+00:00,25.03384325,15-60 min,True,23,8,California,US
30405,Pass Fire,2024-08-11 22:10:38.456942+00:00,39.32702136002473,-120.204285751762,normal,30405.0,2024-08-11 22:43:47.056274+00:00,33.1433222,15-60 min,True,22,8,California,US
30419,10th Fire,2024-08-11 23:35:50.743702+00:00,39.49804841555022,-121.58695678199363,normal,30419.0,2024-08-11 23:43:06.523657+00:00,7.262999249999999,0-15 min,True,23,8,California,US
30444,Gold Ranch Fire,2024-08-12 01:40:36.837023+00:00,39.483333,-119.990167,normal,30444.0,2024-08-12 01:53:39.688559+00:00,13.0475256,0-15 min,True,1,8,Nevada,US
30451,Coffee Pot Fire,2024-08-12 02:20:14.788649+00:00,36.38707519499236,-118.76611400186542,normal,30451.0,2024-08-20 21:56:26.492851+00:00,12696.195070033335,3+ hours,True,2,8,California,US
30482,Oregon Fire,2024-08-12 17:41:34.479081+00:00,39.55099668681916,-121.53606493825777,normal,30482.0,2024-08-12 17:53:41.403118+00:00,12.115400616666667,0-15 min,True,17,8,California,US
30516,Anita Fire,2024-08-12 20:30:38.294437+00:00,32.7210763715905,-116.92953969638856,normal,30516.0,2024-08-12 20:45:13.265150+00:00,14.582845216666668,0-15 min,True,20,8,California,US
30657,Moon Fire,2024-08-13 21:20:37.990060+00:00,34.28552454030216,-117.8418653478296,normal,30657.0,2024-08-13 21:22:08.665013+00:00,1.5112492166666667,0-15 min,True,21,8,California,US
30713,Milepost 57 Fire,2024-08-14 04:09:27.587871+00:00,45.698368,-121.65693,normal,30713.0,2024-08-14 04:27:29.205877+00:00,18.026966766666664,15-60 min,True,4,8,Oregon,US
30716,Atherton Fire,2024-08-14 06:17:29.159833+00:00,38.117104068988965,-122.5626564101064,normal,30716.0,2024-08-14 06:51:07.640469+00:00,33.64134393333333,15-60 min,True,6,8,California,US
30783,Beaver Pond Fire,2024-08-14 22:17:57.809510+00:00,48.33732935141475,-120.08672965393166,normal,30783.0,2024-08-14 22:26:24.009552+00:00,8.436667366666667,0-15 min,True,22,8,Washington,US
30814,2620 Road/Jupiter Fire,2024-08-15 01:00:13.728196+00:00,47.68378355771509,-122.9722774974506,normal,30814.0,2024-08-15 19:10:24.710096+00:00,1090.1830316666667,3+ hours,True,1,8,Washington,US
30984,Fish Creek Fire,2024-08-16 20:04:19.268982+00:00,43.67386408223766,-110.14430303958603,normal,30984.0,2024-08-21 22:43:34.776262+00:00,7359.258454666667,3+ hours,False,20,8,Wyoming,US
31014,Nevada Fire,2024-08-16 22:28:39.996725+00:00,39.23944005015113,-121.0353471396923,normal,31014.0,2024-08-16 23:08:55.802393+00:00,40.2634278,15-60 min,True,22,8,California,US
31154,Tagee Fire,2024-08-17 23:01:17.996530+00:00,42.876217,-112.566167,normal,31154.0,2024-08-18 00:19:09.966210+00:00,77.86616133333334,1-3 hours,False,23,8,Idaho,US
31231,Vegetation Fire (672),2024-08-18 04:09:39.753362+00:00,45.7447475790716,-120.17529948121664,normal,31231.0,2024-08-18 04:16:04.076733+00:00,6.405389516666667,0-15 min,True,4,8,Oregon,US
31232,Vegetation Fire,2024-08-18 04:16:07.839340+00:00,47.1887206627676,-119.15060046834624,normal,31232.0,2024-08-18 04:36:14.288921+00:00,20.10749301666667,15-60 min,True,4,8,Washington,US
31237,Shugart Fire,2024-08-18 05:17:36.773028+00:00,47.77858910318193,-120.64635282357744,normal,31237.0,2024-08-18 06:04:14.462746+00:00,46.62816196666667,15-60 min,True,5,8,Washington,US
31241,Yaksum Fire,2024-08-18 06:15:20.597553+00:00,47.4582,-120.4753,normal,31241.0,2024-08-18 06:53:59.372544+00:00,38.646249850000004,15-60 min,True,6,8,Washington,US
31275,Stranger Creek II Fire,2024-08-18 17:00:44.450684+00:00,48.24638,-118.34805,normal,31275.0,2024-08-20 19:15:06.835798+00:00,3014.3730852333333,3+ hours,True,17,8,Washington,US
31302,Wicked Drive Fire,2024-08-18 19:39:35.447176+00:00,47.868032,-117.810421,normal,31302.0,2024-08-18 23:07:27.420422+00:00,207.86622076666666,3+ hours,True,19,8,Washington,US
31320,Ochoco Fire (675),2024-08-18 20:52:12.043811+00:00,44.50049521778672,-121.1237287526798,normal,31320.0,2024-08-19 02:14:42.445534+00:00,322.5066953833333,3+ hours,True,20,8,Oregon,US
31325,Daly Fire,2024-08-18 20:55:43.068819+00:00,46.189667,-113.863667,normal,31325.0,2024-09-03 21:27:11.339313+00:00,23071.4711749,3+ hours,False,20,8,Montana,US
31326,Boulder Creek Fire,2024-08-18 21:00:43.739126+00:00,45.08954,-117.42065,normal,31326.0,2024-08-19 23:29:37.473633+00:00,1588.8955751166666,3+ hours,True,21,8,Oregon,US
31458,Charm Fire,2024-08-19 20:45:57.336475+00:00,48.849953,-119.528032,normal,31458.0,2024-08-19 20:49:37.756069+00:00,3.6736598999999996,0-15 min,True,20,8,Washington,US
31474,Bohoskey Fire,2024-08-19 21:45:47.413024+00:00,46.62795890158549,-120.39789113431912,normal,31474.0,2024-08-19 22:51:30.649393+00:00,65.72060615000001,1-3 hours,True,21,8,Washington,US
31608,Stayman Fire,2024-08-20 21:29:54.145126+00:00,47.772467,-120.098934,normal,31608.0,2024-08-20 22:09:32.265283+00:00,39.63533595,15-60 min,True,21,8,Washington,US
31633,Upper Ruby Fire,2024-08-20 23:15:21.045980+00:00,48.548891,-117.468609,normal,31633.0,2024-08-23 16:46:22.141902+00:00,3931.0182653666666,3+ hours,True,23,8,Washington,US
31693,Amaral Fire,2024-08-21 16:55:07.945548+00:00,38.25253119256985,-122.1744014762192,normal,31693.0,2024-08-21 17:13:27.123834+00:00,18.319638100000002,15-60 min,True,16,8,California,US
31699,House Draw Fire,2024-08-21 17:32:21.288720+00:00,44.13025,-106.520417,normal,31699.0,2024-08-21 19:03:31.656460+00:00,91.17279566666666,1-3 hours,False,17,8,Wyoming,US
31764,Barber Draw Fire,2024-08-21 21:40:59.977101+00:00,45.22218883557332,-106.86049172480725,normal,31764.0,2024-08-22 01:36:48.850380+00:00,235.81455465,3+ hours,False,21,8,Wyoming,US
31790,Constitution Fire,2024-08-21 23:51:00.103824+00:00,44.535534,-105.486581,normal,31790.0,2024-08-22 03:22:29.548127+00:00,211.49073838333334,3+ hours,False,23,8,Wyoming,US
31803,Flat Rock Fire,2024-08-22 00:21:00.035814+00:00,44.27297447715338,-105.73801429819872,normal,31803.0,2024-08-22 03:54:50.721262+00:00,213.84475746666666,3+ hours,False,0,8,Wyoming,US
31836,Remington Fire,2024-08-22 14:33:44.630748+00:00,44.94164,-106.07122,normal,31836.0,2024-08-23 16:13:24.082077+00:00,1539.65752215,3+ hours,False,14,8,Montana,US
31935,Refugio Fire,2024-08-23 06:40:40.759110+00:00,34.50082677639651,-120.06670072241796,normal,31935.0,2024-08-23 07:16:08.254982+00:00,35.458264533333335,15-60 min,True,6,8,California,US
31971,McElwain Fire,2024-08-23 19:54:41.174826+00:00,46.8435,-113.1015,normal,31971.0,2024-08-24 00:10:47.207517+00:00,256.10054485,3+ hours,False,19,8,Montana,US
31987,Big Hollow Fire,2024-08-23 21:30:18.855430+00:00,45.013967,-113.352767,normal,31987.0,2024-08-24 15:59:32.463647+00:00,1109.2268036166668,3+ hours,False,21,8,Idaho,US
31997,Sharrott Creek Fire,2024-08-23 22:05:18.782030+00:00,46.508701,-114.18433,normal,31997.0,2024-08-23 23:15:04.488743+00:00,69.76177854999999,1-3 hours,False,22,8,Montana,US
32031,Country Fire,2024-08-24 00:34:09.208145+00:00,39.210674,-121.171701,normal,32031.0,2024-08-24 00:45:48.559240+00:00,11.655851583333334,0-15 min,True,0,8,California,US
32119,Boulter Fire,2024-08-24 20:21:06.204275+00:00,40.002338,-112.275245,normal,32119.0,2024-08-24 23:23:46.317753+00:00,182.66855796666667,3+ hours,False,20,8,Utah,US
32204,Tenaja Fire,2024-08-25 18:59:52.617863+00:00,33.58368326530575,-117.40341265994115,normal,32204.0,2024-08-25 20:06:00.177764+00:00,66.12599835,1-3 hours,True,18,8,California,US
32437,Roxborough Fire,2024-08-27 23:09:22.567456+00:00,39.46359746018479,-105.05872292979736,normal,32437.0,2024-08-27 23:59:07.798208+00:00,49.753845866666666,15-60 min,False,23,8,Colorado,US
32443,Vegetation Fire,2024-08-27 23:46:09.198976+00:00,45.744224,-120.813028,normal,32443.0,2024-08-28 00:41:18.243867+00:00,55.150748183333334,15-60 min,True,23,8,Washington,US
32506,Keys Fire,2024-08-28 21:01:38.255250+00:00,33.28986514641855,-117.0795962466717,normal,32506.0,2024-08-28 21:38:31.954256+00:00,36.89498343333333,15-60 min,True,21,8,California,US
32509,Mowry Fire,2024-08-28 21:24:13.944790+00:00,47.450433,-116.88095,normal,32509.0,2024-08-29 00:29:57.757924+00:00,185.7302189,3+ hours,True,21,8,Idaho,US
32560,Preacher Fire,2024-08-29 17:40:15.077477+00:00,34.299283,-111.18055,normal,32560.0,2024-09-07 17:35:24.381465+00:00,12955.155066466667,3+ hours,False,17,8,Arizona,US
32727,County Line Fire,2024-08-31 19:25:16.297416+00:00,47.366166864307104,-116.9337934372886,normal,32727.0,2024-08-31 20:00:39.567967+00:00,35.387842516666666,15-60 min,True,19,8,Idaho,US
32754,Chicken Fire,2024-08-31 22:33:52.685173+00:00,41.9980978,-121.9997432,normal,32754.0,2024-08-31 23:07:25.582735+00:00,33.548292700000005,15-60 min,True,22,8,Oregon,US
32758,Thorpe Fire,2024-08-31 22:52:56.192772+00:00,47.6138245,-117.5612386,normal,32758.0,2024-08-31 23:47:55.415335+00:00,54.987042716666664,15-60 min,True,22,8,Washington,US
32769,Hill Fire,2024-08-31 23:55:18.892634+00:00,39.0557755343936,-122.9308871789746,normal,32769.0,2024-09-01 00:19:54.067524+00:00,24.586248166666667,15-60 min,True,23,8,California,US
32797,West Fire,2024-09-01 15:59:02.567810+00:00,34.42275651541428,-111.38793273574689,normal,32797.0,2024-09-09 20:15:46.985001+00:00,11776.740286516666,3+ hours,False,15,9,Arizona,US
32802,Silver Spoon Fire,2024-09-01 17:32:21.519786+00:00,44.93260286512037,-105.77968052878876,normal,32802.0,2024-09-01 18:49:00.686624+00:00,76.65278063333334,1-3 hours,False,17,9,Montana,US
32811,Coarsegold Fire,2024-09-01 18:24:40.092562+00:00,37.20625071387708,-119.69277156742626,normal,32811.0,2024-09-01 18:36:34.463912+00:00,11.906189166666667,0-15 min,True,18,9,California,US
32818,Robert Fire,2024-09-01 20:06:22.404206+00:00,38.21305732161693,-122.16273573439884,normal,32818.0,2024-09-01 20:37:36.312969+00:00,31.231812716666663,15-60 min,True,20,9,California,US
32832,Record Fire,2024-09-01 21:31:45.530864+00:00,33.81030129590846,-116.94751442717728,normal,32832.0,2024-09-02 02:14:05.456347+00:00,282.3320913833333,3+ hours,True,21,9,California,US
32833,Sierra Fire,2024-09-01 21:39:23.158475+00:00,37.31343,-119.612597,normal,32833.0,2024-09-01 22:06:52.250551+00:00,27.48486793333333,15-60 min,True,21,9,California,US
32837,Wood Fire,2024-09-01 22:16:18.294731+00:00,33.23547747602967,-111.12694747009036,normal,32837.0,2024-09-05 13:22:26.985417+00:00,5226.144844766666,3+ hours,False,22,9,Arizona,US
32838,Copperfield Fire,2024-09-01 22:24:15.625951+00:00,42.554333,-121.756,normal,32838.0,2024-09-01 23:32:42.671506+00:00,68.45075924999999,1-3 hours,True,22,9,Oregon,US
32884,Conroy Road Fire (756),2024-09-02 05:41:43.483645+00:00,45.258938,-121.083748,normal,32884.0,2024-09-02 12:27:37.850989+00:00,405.90612239999996,3+ hours,True,5,9,Oregon,US
32888,Wiley Flat Fire (772),2024-09-02 12:01:56.873395+00:00,44.045385739504354,-120.2772586292202,normal,32888.0,2024-09-02 19:26:13.698667+00:00,444.2804212,3+ hours,True,12,9,Oregon,US
32890,Shoe Fly Fire (766),2024-09-02 13:04:04.978285+00:00,44.63049,-120.03841,normal,32890.0,2024-09-02 15:34:06.042712+00:00,150.01774045,1-3 hours,True,13,9,Oregon,US
32904,Oak Canyon Fire (773),2024-09-02 16:05:11.150772+00:00,45.27827,-121.04147,normal,32904.0,2024-09-02 18:00:04.497028+00:00,114.88910426666666,1-3 hours,True,16,9,Oregon,US
32936,Rail Ridge Fire (761),2024-09-02 19:05:38.679880+00:00,44.240833,-119.559833,normal,32936.0,2024-09-02 23:24:01.388187+00:00,258.37847178333334,3+ hours,True,19,9,Oregon,US
32939,Glendale Fire,2024-09-02 19:19:57.513579+00:00,43.407648,-114.312143,normal,32939.0,2024-09-03 00:45:15.404968+00:00,325.29818981666665,3+ hours,False,19,9,Idaho,US
32966,778 Fire,2024-09-02 21:22:19.203023+00:00,44.28,-119.607833,normal,32966.0,2024-09-03 01:40:10.060673+00:00,257.8476275,3+ hours,True,21,9,Oregon,US
32972,Bear Fire,2024-09-02 21:39:36.095240+00:00,39.59356547455178,-120.21894429455132,normal,32972.0,2024-09-02 22:13:54.405366+00:00,34.30516876666666,15-60 min,True,21,9,Nevada,US
32983,Cimmaron Fire,2024-09-02 22:26:41.255357+00:00,47.62219316791624,-117.29469432109072,normal,32983.0,2024-09-02 23:33:13.478818+00:00,66.53705768333333,1-3 hours,True,22,9,Washington,US
32985,Red Rock Fire,2024-09-02 22:42:18.343619+00:00,44.98895,-114.424633,normal,32985.0,2024-09-04 15:31:53.556995+00:00,2449.5868896,3+ hours,False,22,9,Idaho,US
32989,779 Fire,2024-09-02 22:45:37.510514+00:00,44.155541,-119.687687,normal,32989.0,2024-09-04 00:37:07.538478+00:00,1551.5004660666666,3+ hours,True,22,9,Oregon,US
33034,Hawley Ridge Fire (793),2024-09-03 01:46:00.553072+00:00,44.083,-120.144333,normal,33034.0,2024-09-04 16:59:21.769075+00:00,2353.3536000500003,3+ hours,True,1,9,Oregon,US
33065,Lava Fire,2024-09-03 05:29:19.387370+00:00,44.386459,-116.254458,normal,33065.0,2024-09-07 22:57:23.434850+00:00,6808.067458,3+ hours,True,5,9,Idaho,US
33088,Vanity Fire,2024-09-03 15:54:18.796856+00:00,44.52425,-115.078,normal,33088.0,2024-09-16 21:25:50.997779+00:00,19051.53668205,3+ hours,True,15,9,Idaho,US
33127,Boone Fire,2024-09-03 19:20:05.355323+00:00,36.11870889444566,-120.58460829900363,normal,33127.0,2024-09-04 15:49:39.595926+00:00,1229.5706767166666,3+ hours,True,19,9,California,US
33182,Masonite Fire,2024-09-03 23:45:00.510542+00:00,39.17488154468617,-123.21272450247749,normal,33182.0,2024-09-04 00:20:46.267106+00:00,35.762609399999995,15-60 min,True,23,9,California,US
33263,I5 Fire,2024-09-04 21:03:58.980666+00:00,42.151746,-122.643529,normal,33263.0,2024-09-04 21:17:17.586343+00:00,13.310094616666667,0-15 min,True,21,9,Oregon,US
33277,Blewett Fire,2024-09-04 22:03:31.510308+00:00,47.336558,-120.592604,normal,33277.0,2024-09-04 22:36:52.257620+00:00,33.345788533333334,15-60 min,True,22,9,Washington,US
33287,Post Fire,2024-09-04 23:18:09.869186+00:00,33.7722753,-117.2980262,normal,33287.0,2024-09-04 23:48:53.037102+00:00,30.719465266666667,15-60 min,True,23,9,California,US
33303,Studhorse Fire (827),2024-09-05 01:19:30.546914+00:00,44.63244134471762,-120.62818699709172,normal,33303.0,2024-09-05 20:42:15.019020+00:00,1162.7412017666668,3+ hours,True,1,9,Oregon,US
33361,Devils Knob Fire,2024-09-05 21:58:04.336594+00:00,42.89195,-122.8627,normal,33361.0,2024-09-06 16:48:10.993240+00:00,1130.1109441,3+ hours,True,21,9,Oregon,US
33366,Enterprise Fire (Battery Storage),2024-09-05 22:29:43.283747+00:00,33.12460737335462,-117.11553185179228,silent,33366.0,2024-09-06 04:54:24.175921+00:00,384.68153623333336,3+ hours,True,22,9,California,US
33384,Milepost 98 Fire,2024-09-06 00:25:22.597799+00:00,42.916463159893055,-123.27282853124709,normal,33384.0,2024-09-06 01:14:33.112154+00:00,49.17523925,15-60 min,True,0,9,Oregon,US
33389,Line Fire,2024-09-06 00:55:02.554134+00:00,34.1211565381938,-117.15413081424724,normal,33389.0,2024-09-06 07:45:42.673560+00:00,410.6686571,3+ hours,True,0,9,California,US
33479,Service Fire (Fossil Complex),2024-09-06 23:56:36.141809+00:00,44.90481215706245,-120.05312237425872,normal,33479.0,2024-09-08 08:41:42.855358+00:00,1965.1118924833331,3+ hours,True,23,9,Oregon,US
33496,Flat Top Fire,2024-09-07 02:29:35.387469+00:00,43.49705,-121.102133,normal,33496.0,2024-09-09 02:12:34.691983+00:00,2862.9884085666663,3+ hours,True,2,9,Oregon,US
33507,Bowman Well Fire,2024-09-07 04:41:15.724638+00:00,43.295883,-120.737117,normal,33507.0,2024-09-08 00:24:40.636010+00:00,1183.4151895333334,3+ hours,True,4,9,Oregon,US
33510,Firestone Fire,2024-09-07 05:27:43.793080+00:00,43.637322,-120.972091,normal,33510.0,2024-09-07 05:44:51.352216+00:00,17.1259856,15-60 min,True,5,9,Oregon,US
33530,Buck Creek Fire,2024-09-07 16:18:38.235915+00:00,42.976667,-121.293167,normal,33530.0,2024-09-09 01:56:47.949860+00:00,2018.1618990833333,3+ hours,True,16,9,Oregon,US
33533,"Backside Fire (Bachelor Complex, 868)",2024-09-07 17:01:15.732575+00:00,43.980233,-121.732967,normal,33533.0,2024-09-07 20:28:27.639724+00:00,207.19845248333334,3+ hours,True,17,9,Oregon,US
33547,Church 2 Fire,2024-09-07 18:45:05.594858+00:00,32.685176798951886,-116.36143561925724,normal,33547.0,2024-09-07 19:06:39.229290+00:00,21.56057386666667,15-60 min,True,18,9,California,US
33554,Boulder Creek Fire (North Willamette Complex),2024-09-07 19:40:43.617332+00:00,44.21140473854834,-122.0295116729856,normal,33554.0,2024-09-09 03:28:55.924225+00:00,1908.2051148833334,3+ hours,True,19,9,Oregon,US
33562,Frog Fire,2024-09-07 20:26:41.882667+00:00,44.082833,-114.525667,normal,33562.0,2024-09-09 23:55:02.704613+00:00,3088.3470324333334,3+ hours,False,20,9,Idaho,US
33563,Linton Creek Fire (North Willamette Complex),2024-09-07 20:26:42.888093+00:00,44.144217,-121.842633,normal,33563.0,2024-09-08 04:49:45.813069+00:00,503.04874959999995,3+ hours,True,20,9,Oregon,US
33573,Davis Fire,2024-09-07 21:44:27.341901+00:00,39.30523826207207,-119.8324803894757,normal,33573.0,2024-09-07 22:24:22.708716+00:00,39.922780249999995,15-60 min,True,21,9,Nevada,US
33635,"Little Lava Fire (Bachelor Complex, 899)",2024-09-08 15:11:53.616495+00:00,43.895667,-121.727333,normal,33635.0,2024-09-09 16:57:56.196629+00:00,1546.0430022333335,3+ hours,True,15,9,Oregon,US
33673,Boyles Fire,2024-09-08 21:19:57.155622+00:00,38.92934687762829,-122.61065643530246,normal,33673.0,2024-09-08 23:33:19.987504+00:00,133.38053136666667,1-3 hours,True,21,9,California,US
33685,Bridge Fire,2024-09-08 21:59:10.494868+00:00,34.22878,-117.77165,normal,33685.0,2024-09-09 02:27:56.293419+00:00,268.7633091833333,3+ hours,True,21,9,California,US
33698,Swauk Creek Fire,2024-09-08 23:34:13.431707+00:00,47.222883,-120.6968,normal,33698.0,2024-09-09 03:40:48.520305+00:00,246.58480996666668,3+ hours,True,23,9,Washington,US
33756,Logan Fire,2024-09-09 15:47:10.138936+00:00,45.1215,-115.380667,normal,33756.0,2024-09-09 17:59:44.610806+00:00,132.57453116666667,1-3 hours,True,15,9,Idaho,US
33768,Wynnie Fire,2024-09-09 16:48:29.497020+00:00,47.58653824303059,-120.4218636543652,normal,33768.0,2024-09-09 17:00:54.256483+00:00,12.412657716666667,0-15 min,True,16,9,Washington,US
33801,Airport Fire,2024-09-09 20:16:12.212217+00:00,33.669367014245054,-117.56215890196682,normal,33801.0,2024-09-09 21:27:19.974020+00:00,71.12936338333334,1-3 hours,True,20,9,California,US
33941,Siphon Fire,2024-09-10 20:45:11.910652+00:00,33.43905,-111.441367,normal,33941.0,2024-09-12 18:04:55.356638+00:00,2719.7240997666668,3+ hours,False,20,9,Arizona,US
33947,Mount Fire,2024-09-10 21:14:09.891194+00:00,34.823701643887745,-118.95706709962276,normal,33947.0,2024-09-10 21:48:53.241936+00:00,34.72251236666667,15-60 min,True,21,9,California,US
33967,Harbor Fire,2024-09-10 23:29:06.577309+00:00,38.95891248309542,-122.70499173230412,normal,33967.0,2024-09-10 23:36:37.693211+00:00,7.518598366666667,0-15 min,True,23,9,California,US
34022,South Willow Fire,2024-09-11 18:52:40.031209+00:00,40.52053719661532,-112.56446272615231,normal,34022.0,2024-09-11 19:48:06.496651+00:00,55.441090700000004,15-60 min,False,18,9,Utah,US
34030,Garden Fire,2024-09-11 19:57:25.838210+00:00,45.28822876512109,-114.42587239319708,normal,34030.0,2024-10-05 23:52:05.578589+00:00,34794.66233965,3+ hours,False,19,9,Idaho,US
34046,Short Draw Fire,2024-09-11 20:55:58.383635+00:00,44.953167,-105.611,normal,34046.0,2024-09-11 20:58:41.726935+00:00,2.7223883333333334,0-15 min,False,20,9,Montana,US
34095,Salt Creek Fire,2024-09-12 00:42:34.987309+00:00,42.91090126343525,-106.40203445936936,normal,34095.0,2024-09-12 01:48:38.467810+00:00,66.05800835,1-3 hours,False,0,9,Wyoming,US
34152,Bear Creek Fire,2024-09-12 19:21:49.736555+00:00,41.688278,-105.458417,normal,34152.0,2024-09-12 19:28:52.350085+00:00,7.043558833333334,0-15 min,False,19,9,Wyoming,US
34156,Quincy Fire,2024-09-12 19:54:22.061808+00:00,39.48060170551065,-121.42106570178576,normal,34156.0,2024-09-12 20:55:24.851391+00:00,61.04649305,1-3 hours,True,19,9,California,US
34375,Pearl Fire,2024-09-16 17:36:51.158162+00:00,40.84826003719513,-105.69503116939552,normal,34375.0,2024-09-16 17:58:06.110748+00:00,21.24920976666667,15-60 min,False,17,9,Wyoming,US
34398,Crest Fire,2024-09-16 21:43:18.767037+00:00,34.220447,-112.743426,normal,34398.0,2024-09-16 21:45:20.198870+00:00,2.023863883333333,0-15 min,False,21,9,Arizona,US
34914,Goosmus Fire,2024-09-25 22:16:23.345155+00:00,48.946833,-118.554467,normal,34914.0,2024-09-26 00:46:49.119567+00:00,150.42957353333335,1-3 hours,True,22,9,British Columbia,CA
34969,Structure/Vegetation Fire,2024-09-26 19:24:23.231173+00:00,39.127894204521,-104.60337908761552,normal,34969.0,2024-09-26 19:40:33.418210+00:00,16.16978395,15-60 min,False,19,9,Colorado,US
35025,Elk Fire,2024-09-27 15:42:50.758651+00:00,44.84746395415567,-107.5493892950386,normal,35025.0,2024-09-30 14:08:24.721004+00:00,4225.5660392166665,3+ hours,False,15,9,Wyoming,US
35055,Pack Fire,2024-09-27 22:03:08.668788+00:00,48.4622,-116.541717,normal,35055.0,2024-09-27 23:34:35.438073+00:00,91.44615475,1-3 hours,True,22,9,Idaho,US
35078,Pack Trail Fire,2024-09-28 03:47:13.627109+00:00,43.59490582765668,-110.14716278838875,normal,35078.0,2024-09-29 03:34:49.773316+00:00,1427.6024367833334,3+ hours,False,3,9,Wyoming,US
35116,Yellow Lake Fire,2024-09-28 22:41:35.305508+00:00,40.469467,-111.0757,normal,35116.0,2024-09-30 07:08:46.577188+00:00,1947.1878613333333,3+ hours,False,22,9,Utah,US
35137,Ridge Fire,2024-09-29 05:42:58.032747+00:00,34.50406144914426,-120.27487480239796,normal,35137.0,2024-09-29 19:35:30.742199+00:00,832.5451575333334,3+ hours,True,5,9,California,US
35177,Revenue Fire,2024-09-29 20:56:23.624941+00:00,45.52385,-111.76828,normal,35177.0,2024-09-29 21:36:23.316334+00:00,39.99485655,15-60 min,False,20,9,Montana,US
35240,Tiger Fire,2024-09-30 20:18:55.946444+00:00,38.44986194654038,-120.50212401321514,normal,35240.0,2024-09-30 21:14:48.840198+00:00,55.881562566666666,15-60 min,True,20,9,California,US
35299,Bingham Fire,2024-10-01 16:35:59.251259+00:00,44.60585976779535,-121.89466628193996,normal,35299.0,2024-10-03 01:09:40.738482+00:00,1953.6914537166667,3+ hours,True,16,10,Oregon,US
35324,Jack Wells Fire,2024-10-01 20:27:47.911563+00:00,48.02128,-119.61755,normal,35324.0,2024-10-01 22:20:03.955591+00:00,112.26740046666667,1-3 hours,True,20,10,Washington,US
35435,Potter Fire,2024-10-02 21:26:56.635517+00:00,39.2457243,-123.1260468,normal,35435.0,2024-10-02 21:54:47.452618+00:00,27.846951683333334,15-60 min,True,21,10,California,US
35467,Marina Fire,2024-10-03 08:11:05.342431+00:00,39.237867348111024,-123.17356890800993,normal,35467.0,2024-10-03 08:38:52.792068+00:00,27.790827283333332,15-60 min,True,8,10,California,US
35485,Felicia Fire,2024-10-03 19:54:11.416022+00:00,34.46437152753349,-118.76412792511395,normal,35485.0,2024-10-03 20:24:41.569008+00:00,30.502549766666668,15-60 min,True,19,10,California,US
35501,Evans Fire,2024-10-03 23:04:12.495268+00:00,39.37857048860821,-121.24688159658716,normal,35501.0,2024-10-03 23:29:28.828459+00:00,25.27221985,15-60 min,True,23,10,California,US
35519,Valley Fire,2024-10-04 10:37:22.279813+00:00,43.57152688592871,-116.06789127370112,normal,35519.0,2024-10-04 16:10:39.008482+00:00,333.27881115,3+ hours,True,10,10,Idaho,US
35532,Glenhaven Fire,2024-10-04 18:48:11.970824+00:00,39.026401938959054,-122.7212623535152,normal,35532.0,2024-10-04 19:29:41.732855+00:00,41.49603385,15-60 min,True,18,10,California,US
35554,Border 74 Fire,2024-10-04 21:59:03.715765+00:00,32.594021,-116.413128,normal,35554.0,2024-10-04 23:40:03.228198+00:00,100.99187388333333,1-3 hours,True,21,10,California,US
35556,Wallen Fire,2024-10-04 22:10:40.353236+00:00,46.738717,-116.90375,normal,35556.0,2024-10-05 16:53:36.761472+00:00,1122.9401372666666,3+ hours,True,22,10,Idaho,US
35619,Whitlow Fire,2024-10-05 17:40:05.356941+00:00,33.29717,-111.26717,normal,35619.0,2024-10-05 18:51:35.187668+00:00,71.49717878333333,1-3 hours,False,17,10,Arizona,US
35643,Currier Canyon Fire,2024-10-05 21:57:49.410892+00:00,47.153699,-120.550137,normal,35643.0,2024-10-06 17:49:18.394271+00:00,1191.4830563166665,3+ hours,True,21,10,Washington,US
35648,Dutch Fire,2024-10-05 22:38:44.657936+00:00,39.22681962831828,-120.83448424896838,normal,35648.0,2024-10-05 23:25:28.766454+00:00,46.73514196666667,15-60 min,True,22,10,California,US
35785,Posta 3 Fire,2024-10-07 21:42:18.923497+00:00,32.72239090879667,-116.42585009402896,normal,35785.0,2024-10-07 22:22:45.889939+00:00,40.4494407,15-60 min,True,21,10,California,US
35802,Pine Fire (1002),2024-10-07 23:19:48.219141+00:00,43.79377946229837,-120.86494696944612,normal,35802.0,2024-10-08 01:29:18.532474+00:00,129.50522221666668,1-3 hours,True,23,10,Oregon,US
35856,Piney Fire,2024-10-08 22:21:37.123875+00:00,36.38170851193057,-121.57278538203414,normal,35856.0,2024-10-08 23:52:53.945424+00:00,91.28035915000001,1-3 hours,True,22,10,California,US
35882,Meridian Fire,2024-10-09 01:20:57.704075+00:00,44.748617,-111.659167,normal,35882.0,2024-10-16 23:18:20.865634+00:00,11397.386025983335,3+ hours,False,1,10,Montana,US
35914,Bahrman Fire,2024-10-09 20:09:58.337310+00:00,33.55082204751588,-116.68129473501192,normal,35914.0,2024-10-09 21:06:40.508936+00:00,56.70286043333333,15-60 min,True,20,10,California,US
35919,Shoe Fire,2024-10-09 20:30:03.762348+00:00,40.91570282421341,-122.10876015881252,normal,35919.0,2024-10-09 22:56:45.771892+00:00,146.70015906666669,1-3 hours,True,20,10,California,US
35937,Flood Fire,2024-10-09 22:27:27.902087+00:00,32.601080354230845,-110.98168135599816,normal,35937.0,2024-10-10 09:37:48.090293+00:00,670.3364700999999,3+ hours,False,22,10,Arizona,US
36142,Scripps Fire,2024-10-12 22:47:48.881346+00:00,32.93471649142985,-117.06765260419148,normal,36142.0,2024-10-12 23:06:18.925247+00:00,18.500731683333335,15-60 min,True,22,10,California,US
36203,Squilchuck Road Fire,2024-10-13 21:53:18.405499+00:00,47.368691,-120.320291,normal,36203.0,2024-10-13 21:57:15.145288+00:00,3.94566315,0-15 min,True,21,10,Washington,US
36491,Middle Fork Complex,2024-10-17 22:24:30.697144+00:00,44.18081251855108,-115.81573349361923,normal,36491.0,2024-10-17 22:27:09.743639+00:00,2.6507749166666668,0-15 min,True,22,10,Idaho,US
36554,Forni Fire,2024-10-18 19:44:12.597186+00:00,38.720637,-120.832991,normal,36554.0,2024-10-18 20:10:41.856491+00:00,26.487655083333333,15-60 min,True,19,10,California,US
36560,Keller Fire,2024-10-18 20:38:56.701431+00:00,37.773549405278246,-122.15661882918717,normal,36560.0,2024-10-18 21:06:06.307953+00:00,27.160108700000002,15-60 min,True,20,10,California,US
36771,Buena Fire,2024-10-21 20:06:40.626400+00:00,36.9333875934698,-121.81572296505232,normal,36771.0,2024-10-21 21:09:33.740429+00:00,62.88523381666666,1-3 hours,True,20,10,California,US
36773,Iowa Fire,2024-10-21 20:13:26.951001+00:00,39.29407700886043,-121.482903156688,normal,36773.0,2024-10-21 20:43:52.227051+00:00,30.4212675,15-60 min,True,20,10,California,US
36779,Circle Fire,2024-10-21 20:59:45.814653+00:00,33.319079004379105,-117.14818353395344,normal,36779.0,2024-10-21 21:21:14.575875+00:00,21.4793537,15-60 min,True,20,10,California,US
37002,Golden Fire,2024-10-24 19:11:53.796835+00:00,33.44210556218394,-116.8809735761092,normal,37002.0,2024-10-24 19:39:30.049158+00:00,27.604205383333333,15-60 min,True,19,10,California,US
37008,Rush Fire,2024-10-24 20:24:15.714735+00:00,34.74259,-98.605421,normal,37008.0,2024-10-24 21:45:23.655166+00:00,81.13234051666667,1-3 hours,False,20,10,Oklahoma,US
37139,Elk Fire,2024-10-26 22:20:08.717441+00:00,43.811859082384274,-123.06053191177269,normal,37139.0,2024-10-26 23:07:36.117057+00:00,47.45666026666667,15-60 min,True,22,10,Oregon,US
37144,Pumpkin Ridge Fire,2024-10-26 23:27:28.484038+00:00,45.536319,-117.970376,normal,37144.0,2024-10-27 01:52:27.291114+00:00,144.98011793333333,1-3 hours,True,23,10,Oregon,US
37167,Alpine Fire,2024-10-27 17:33:43.473068+00:00,39.090148,-119.822724,normal,37167.0,2024-10-27 18:12:48.560433+00:00,39.084789416666666,15-60 min,True,17,10,Nevada,US
37213,Blue Front Fire,2024-10-28 14:55:27.946197+00:00,33.42420871916046,-105.79894642702097,normal,37213.0,2024-10-29 17:29:10.943346+00:00,1593.71661915,3+ hours,False,14,10,New Mexico,US
37245,Highway 33 Fire,2024-10-28 18:02:52.353959+00:00,35.9434683459897,-97.30022087941931,normal,37245.0,2024-10-28 18:45:34.792107+00:00,42.70730246666667,15-60 min,False,18,10,Oklahoma,US
37291,Highland Lake Fire,2024-10-28 23:02:42.934237+00:00,38.95584491736963,-105.20084144989896,normal,37291.0,2024-10-28 23:04:22.934173+00:00,1.6666656000000002,0-15 min,False,23,10,Colorado,US
37365,Euchee Creek Fire,2024-10-29 19:09:34.946786+00:00,35.96195521363808,-96.68499708935852,normal,37365.0,2024-10-29 19:49:41.537329+00:00,40.10984238333333,15-60 min,False,19,10,Oklahoma,US
37369,Cimarron Bend Fire,2024-10-29 19:30:11.900830+00:00,35.8422995679382,-97.67427300927062,normal,37369.0,2024-10-29 20:16:15.788179+00:00,46.06478915,15-60 min,False,19,10,Oklahoma,US
37381,Vegetation Fire,2024-10-29 21:11:59.248638+00:00,35.5883357499299,-97.08831635432524,normal,37381.0,2024-10-29 21:12:10.287939+00:00,0.18398835,0-15 min,False,21,10,Oklahoma,US
37395,Vegetation Fire,2024-10-29 23:03:57.452185+00:00,36.05841532659512,-96.62509536911494,normal,37395.0,2024-10-29 23:04:24.405676+00:00,0.44922485,0-15 min,False,23,10,Oklahoma,US
37448,Clara Fire,2024-10-30 18:41:56.673009+00:00,34.080033,-98.678033,normal,37448.0,2024-10-30 20:07:36.481775+00:00,85.66347943333334,1-3 hours,False,18,10,Texas,US
37509,Quarry Fire,2024-10-31 19:35:32.106599+00:00,32.69011748252507,-117.01352354002564,normal,37509.0,2024-10-31 20:23:36.461837+00:00,48.0725873,15-60 min,True,19,10,California,US
37512,Vegetation Fire,2024-10-31 20:10:17.170838+00:00,34.90722675633492,-112.47472565908124,normal,37512.0,2024-10-31 20:23:56.601576+00:00,13.657178966666667,0-15 min,False,20,10,Arizona,US
37514,Montezuma/Fairmount Fire,2024-10-31 20:42:26.911789+00:00,32.77160919901796,-117.09410929007088,normal,37514.0,2024-10-31 21:22:56.426791+00:00,40.491916700000004,15-60 min,True,20,10,California,US
37610,Hudson Fire,2024-11-03 19:46:06.431891+00:00,30.080611068559943,-97.20763352555402,normal,37610.0,2024-11-03 20:11:31.567020+00:00,25.418918816666668,15-60 min,False,19,11,Texas,US
37622,Gaylord Fire,2024-11-03 23:05:24.006143+00:00,39.92303371508666,-122.13219470766974,normal,37622.0,2024-11-03 23:36:56.095230+00:00,31.534818116666667,15-60 min,True,23,11,California,US
37820,Mountain Fire,2024-11-06 16:55:28.118147+00:00,34.31332946627454,-118.97129683021063,normal,37820.0,2024-11-06 17:37:02.477184+00:00,41.57265061666667,15-60 min,True,16,11,California,US
37824,Valley Fire,2024-11-06 17:05:03.194431+00:00,40.4320312582752,-122.42641006074253,normal,37824.0,2024-11-06 17:52:53.772095+00:00,47.84296106666667,15-60 min,True,17,11,California,US
37825,Broad Fire,2024-11-06 17:13:09.081984+00:00,34.03417298190206,-118.70425320720416,normal,37825.0,2024-11-06 18:09:38.534785+00:00,56.490880016666665,15-60 min,True,17,11,California,US
37910,Santa Lucia Fire,2024-11-07 20:31:09.802624+00:00,34.69138271925702,-120.50185278996916,normal,37910.0,2024-11-07 20:57:24.399391+00:00,26.24327945,15-60 min,True,20,11,California,US
37980,Garden Fire,2024-11-08 20:50:58.556379+00:00,33.332896,-117.181749,normal,37980.0,2024-11-08 21:20:25.063752+00:00,29.44178955,15-60 min,True,20,11,California,US
38065,Callahan Fire,2024-11-11 18:41:36.639563+00:00,39.35524,-119.814745,normal,38065.0,2024-11-11 19:11:52.269878+00:00,30.26050525,15-60 min,True,18,11,Nevada,US
38156,Vegetation Fire,2024-11-12 20:42:17.550260+00:00,40.671096,-105.20976,normal,38156.0,2024-11-12 21:08:19.404958+00:00,26.030911633333336,15-60 min,False,20,11,Colorado,US
38661,Millar Fire,2024-11-20 21:52:04.645579+00:00,32.72754344708123,-116.93722876818153,normal,38661.0,2024-11-20 22:36:08.600285+00:00,44.065911766666666,15-60 min,True,21,11,California,US
38757,Horseshoe Fire,2024-11-23 05:36:32.195360+00:00,36.496291,-118.1313744,normal,38757.0,2024-11-23 05:37:11.019653+00:00,0.6470715499999999,0-15 min,True,5,11,California,US
38901,Canyon Crest Fire,2024-11-29 01:19:30.927749+00:00,34.032925783442806,-117.4812043232678,normal,38901.0,2024-11-29 03:34:30.682300+00:00,134.99590918333334,1-3 hours,True,1,11,California,US
39411,Franklin Fire,2024-12-10 07:00:39.686037+00:00,34.05610899209282,-118.69431423961582,normal,39411.0,2024-12-10 07:47:16.796024+00:00,46.61849978333333,15-60 min,True,7,12,California,US
39469,Border 79 Fire,2024-12-10 18:36:09.712550+00:00,32.59256932717324,-116.7016907890644,normal,39469.0,2024-12-10 19:57:46.176546+00:00,81.60773326666667,1-3 hours,True,18,12,Baja California,MX
39789,Horton Fire,2024-12-15 17:01:20.702453+00:00,34.3755047,-111.0577265,normal,39789.0,2024-12-18 00:14:27.450492+00:00,3313.1124673166664,3+ hours,False,17,12,Arizona,US
39893,Soto Fire,2024-12-18 04:01:26.934063+00:00,34.00250267290414,-117.44059183849942,normal,39893.0,2024-12-18 05:33:39.267593+00:00,92.20555883333333,1-3 hours,True,4,12,California,US
39933,Vegetation Fire,2024-12-19 07:46:47.869079+00:00,40.5971796346708,-105.1383874402124,normal,39933.0,2024-12-19 08:15:58.552451+00:00,29.1780562,15-60 min,False,7,12,Colorado,US
40001,Pine Fire,2024-12-21 20:39:50.460014+00:00,37.27111903508131,-119.58371043816508,normal,40001.0,2024-12-21 21:04:37.102595+00:00,24.77737635,15-60 min,True,20,12,California,US
40335,Palisades Fire,2025-01-07 18:33:29.267524+00:00,34.07022386734697,-118.54454245714302,normal,40335.0,2025-01-07 19:44:02.976030+00:00,70.56180843333333,1-3 hours,True,18,1,California,US
40388,Eaton Fire,2025-01-08 02:23:33.937417+00:00,34.18929935184504,-118.09717940364276,normal,40388.0,2025-01-08 03:10:17.803564+00:00,46.73110245,15-60 min,True,2,1,California,US
40398,Hurst Fire,2025-01-08 06:23:30.605597+00:00,34.32576237121435,-118.47877519527188,normal,40398.0,2025-01-08 06:34:49.614823+00:00,11.316820433333334,0-15 min,True,6,1,California,US
40454,Lidia Fire,2025-01-08 21:20:59.764973+00:00,34.4379993964624,-118.2378011463388,normal,40454.0,2025-01-08 22:33:43.557881+00:00,72.7298818,1-3 hours,True,21,1,California,US
40469,Sunset Fire,2025-01-09 01:39:46.043537+00:00,34.10911622357422,-118.35278574954788,normal,40469.0,2025-01-09 02:04:47.591983+00:00,25.025807433333334,15-60 min,True,1,1,California,US
40508,Kenneth Fire,2025-01-09 22:43:28.068009+00:00,34.18522091349168,-118.67032904151962,normal,40508.0,2025-01-09 23:15:34.286450+00:00,32.10364068333333,15-60 min,True,22,1,California,US
40538,Archer Fire,2025-01-10 18:40:27.431807+00:00,34.308447404810465,-118.51076187172043,normal,40538.0,2025-01-10 19:09:45.738006+00:00,29.305103316666667,15-60 min,True,18,1,California,US
40669,Jurupa Fire,2025-01-14 00:54:15.060953+00:00,33.96206354852987,-117.46963323866734,normal,40669.0,2025-01-14 01:32:03.874180+00:00,37.81355378333333,15-60 min,True,0,1,California,US
40675,Auto Fire,2025-01-14 03:12:25.965554+00:00,34.236766293308946,-119.20225070931434,normal,40675.0,2025-01-14 05:11:43.415010+00:00,119.29082426666668,1-3 hours,True,3,1,California,US
40732,Scout Fire,2025-01-14 20:13:42.713231+00:00,33.99110215379547,-117.38678492739464,normal,40732.0,2025-01-14 20:52:39.487385+00:00,38.946235900000005,15-60 min,True,20,1,California,US
40849,Moss Landing Fire (Power Plant),2025-01-17 03:06:11.493739+00:00,36.80637015164487,-121.7784873470234,normal,40849.0,2025-01-17 03:06:42.100759+00:00,0.5101169999999999,0-15 min,True,3,1,California,US
40917,Ted Williams Fire,2025-01-20 21:24:59.232938+00:00,32.977125204536875,-117.06516008516702,normal,40917.0,2025-01-20 22:10:23.956908+00:00,45.41206616666667,15-60 min,True,21,1,California,US
40930,Pala Fire,2025-01-21 08:27:43.248527+00:00,33.36159660139664,-117.16078408008526,normal,40930.0,2025-01-21 10:20:01.900271+00:00,112.31086239999999,1-3 hours,True,8,1,California,US
40932,Lilac Fire,2025-01-21 09:02:57.059256+00:00,33.306558205019215,-117.1508322712475,normal,40932.0,2025-01-21 09:16:07.895727+00:00,13.18060785,0-15 min,True,9,1,California,US
40938,Prairie Fire,2025-01-21 13:21:37.238702+00:00,35.237861919712714,-111.97747064218302,normal,40938.0,2025-01-21 14:37:57.351775+00:00,76.33521788333334,1-3 hours,False,13,1,Arizona,US
40974,Friars Fire,2025-01-21 20:18:27.608791+00:00,32.76977450583004,-117.16780114002476,normal,40974.0,2025-01-21 20:32:50.402699+00:00,14.379898466666667,0-15 min,True,20,1,California,US
41005,Clay Fire,2025-01-22 01:15:40.314861+00:00,33.966704074646444,-117.47052859184548,normal,41005.0,2025-01-22 03:45:42.474498+00:00,150.03599395,1-3 hours,True,1,1,California,US
41033,Center Fire,2025-01-22 17:18:35.753991+00:00,33.00040463696004,-117.08853118186036,normal,41033.0,2025-01-22 17:54:43.354561+00:00,36.12667616666667,15-60 min,True,17,1,California,US
41039,Hughes Fire,2025-01-22 18:42:18.973296+00:00,34.57964782242047,-118.55525914594963,normal,41039.0,2025-01-22 19:00:51.667109+00:00,18.544896883333333,15-60 min,True,18,1,California,US
41072,Sepulveda Fire,2025-01-23 07:08:36.080784+00:00,34.09644575452569,-118.47546956353818,normal,41072.0,2025-01-23 07:50:54.706157+00:00,42.31042288333333,15-60 min,True,7,1,California,US
41086,Laguna Fire,2025-01-23 16:42:00.404115+00:00,34.16554984663635,-119.0591532019922,normal,41086.0,2025-01-23 17:03:50.012399+00:00,21.826804733333333,15-60 min,True,16,1,California,US
41091,Burr Fire,2025-01-23 17:44:03.280306+00:00,33.2937905,-111.3004495,normal,41091.0,2025-01-23 17:44:50.043810+00:00,0.7793917333333333,0-15 min,False,17,1,Arizona,US
41110,Border 2 Fire,2025-01-23 22:00:29.325543+00:00,32.59796541390479,-116.85092690363636,normal,41110.0,2025-01-24 02:30:40.249241+00:00,270.1820616333333,3+ hours,True,22,1,Baja California,MX
41111,Gilman Fire,2025-01-23 22:21:11.919638+00:00,32.86233789358418,-117.23629505432903,normal,41111.0,2025-01-23 22:40:10.309364+00:00,18.973162100000003,15-60 min,True,22,1,California,US
41130,Fig Fire,2025-01-24 02:27:11.548274+00:00,33.54534240419258,-117.18413242058762,normal,41130.0,2025-01-24 02:52:12.208314+00:00,25.011000666666668,15-60 min,True,2,1,California,US
41266,Auger Fire,2025-01-27 19:07:47.731677+00:00,33.92176,-109.2213,normal,41266.0,2025-01-27 20:29:46.164042+00:00,81.97387275,1-3 hours,False,19,1,Arizona,US
41551,Blue Hills Fire,2025-02-01 20:16:15.230266+00:00,35.6913012322852,-101.66565094216956,normal,41551.0,2025-02-01 20:30:50.080802+00:00,14.580842266666668,0-15 min,False,20,2,Texas,US
41561,Marina Vista Fire (Refinery Fire),2025-02-01 23:48:11.152428+00:00,38.01819485796915,-122.11688876659667,normal,41561.0,2025-02-01 23:52:53.933971+00:00,4.7130257166666665,0-15 min,True,23,2,California,US
41748,Vegetation Fire,2025-02-05 22:27:18.812668+00:00,31.393286299058506,-110.0986603155288,normal,41748.0,2025-02-05 22:29:18.719404+00:00,1.9984456,0-15 min,False,22,2,Arizona,US
41940,Brady Fire,2025-02-10 22:45:29.704682+00:00,34.3738466417542,-112.3572072451752,normal,41940.0,2025-02-10 23:19:54.666307+00:00,34.41602708333333,15-60 min,False,22,2,Arizona,US
41985,Water Dept Fire,2025-02-11 19:30:56.650977+00:00,35.06425,-108.833533,normal,41985.0,2025-02-11 22:20:43.663353+00:00,169.7835396,1-3 hours,False,19,2,New Mexico,US
42048,Vegetation Fire,2025-02-13 00:52:12.112867+00:00,34.539319057190255,-112.4947567861613,normal,42048.0,2025-02-13 01:01:51.604091+00:00,9.658187066666667,0-15 min,False,0,2,Arizona,US
42602,Section Fire,2025-02-27 06:04:13.030209+00:00,32.982415,-105.9244379,normal,42602.0,2025-02-27 06:04:45.324715+00:00,0.5382417666666667,0-15 min,False,6,2,New Mexico,US
42735,Vegetation Fire,2025-02-28 19:38:09.074332+00:00,35.66517290735942,-97.10365045015952,normal,42735.0,2025-02-28 20:03:39.432122+00:00,25.505963166666668,15-60 min,False,19,2,Oklahoma,US
42835,Green Acres Fire,2025-03-01 20:15:18.647438+00:00,43.39749367748951,-103.50911727576158,normal,42835.0,2025-03-01 22:40:50.905092+00:00,145.53762756666666,1-3 hours,False,20,3,South Dakota,US
43020,Water Fire,2025-03-03 19:50:50.971854+00:00,34.5070346,-109.3599597,normal,43020.0,2025-03-03 20:21:16.352053+00:00,30.423003316666666,15-60 min,False,19,3,Arizona,US
43091,Calaveras Fire,2025-03-04 19:15:03.901701+00:00,29.28811489574977,-98.3885307771874,normal,43091.0,2025-03-04 20:33:04.332630+00:00,78.00718215,1-3 hours,False,19,3,Texas,US
43094,Duke Fire,2025-03-04 20:04:56.321489+00:00,29.15667592791952,-98.52342797757343,normal,43094.0,2025-03-04 21:04:13.227048+00:00,59.281759316666665,15-60 min,False,20,3,Texas,US
43105,Onion Creek Fire,2025-03-04 21:28:30.120207+00:00,30.0542533,-97.9370815,normal,43105.0,2025-03-04 22:47:51.315840+00:00,79.35326055,1-3 hours,False,21,3,Texas,US
43107,Welder Fire,2025-03-04 21:38:23.628490+00:00,28.044790604148844,-97.50532076558028,normal,43107.0,2025-03-05 01:45:35.501491+00:00,247.19788335,3+ hours,False,21,3,Texas,US
43323,Mouse Fire,2025-03-08 23:05:34.977298+00:00,30.1804,-97.30394,normal,43323.0,2025-03-08 23:14:47.654629+00:00,9.211288849999999,0-15 min,False,23,3,Texas,US
43413,Route 13 Fire,2025-03-10 18:12:33.259501+00:00,44.67106477935775,-101.8679400256358,normal,43413.0,2025-03-10 22:14:06.107223+00:00,241.54746203333335,3+ hours,False,18,3,South Dakota,US
43551,House Creek Fire,2025-03-11 22:04:21.687658+00:00,36.17620580286855,-96.49590217738351,normal,43551.0,2025-03-11 22:19:53.817759+00:00,15.535501683333333,15-60 min,False,22,3,Oklahoma,US
43679,Buffalo Fire,2025-03-13 01:43:16.149960+00:00,40.417121,-109.88019,normal,43679.0,2025-03-13 03:04:35.635111+00:00,81.32475251666666,1-3 hours,False,1,3,Utah,US
43714,Meridian Fire,2025-03-13 19:04:57.684975+00:00,38.784792877136965,-104.59310331264923,normal,43714.0,2025-03-13 19:45:01.610906+00:00,40.065432183333336,15-60 min,False,19,3,Colorado,US
43771,840 Road Fire,2025-03-14 16:42:26.905716+00:00,35.8284135,-99.5059527,normal,43771.0,2025-03-14 17:50:32.021408+00:00,68.08526153333334,1-3 hours,False,16,3,Oklahoma,US
43778,Rest Area Fire,2025-03-14 17:23:52.254128+00:00,35.191408759910274,-100.8066432816088,normal,43778.0,2025-03-14 17:24:02.514329+00:00,0.17100335,0-15 min,False,17,3,Texas,US
43794,Euchee Valley/Underwood Fire,2025-03-14 18:45:48.381087+00:00,36.013889,-96.702778,normal,43794.0,2025-03-14 22:36:33.009337+00:00,230.74380416666665,3+ hours,False,18,3,Oklahoma,US
43796,Post Oak Fire,2025-03-14 18:53:48.281399+00:00,35.16074299091299,-97.28289702127203,normal,43796.0,2025-03-14 19:02:39.120059+00:00,8.847311,0-15 min,False,18,3,Oklahoma,US
43808,Hickory Hill/Luther Fire,2025-03-14 19:28:24.833013+00:00,35.683889,-97.286944,normal,43808.0,2025-03-14 19:29:11.395294+00:00,0.7760380166666666,0-15 min,False,19,3,Oklahoma,US
43809,Timberline Fire,2025-03-14 19:33:12.274851+00:00,35.25489721910958,-97.2773050594048,normal,43809.0,2025-03-14 19:33:22.875230+00:00,0.17667298333333334,0-15 min,False,19,3,Oklahoma,US
43811,Vegetation Fire,2025-03-14 19:37:58.923104+00:00,36.11557696073464,-97.31853512708588,normal,43811.0,2025-03-14 19:38:59.596059+00:00,1.0112159166666668,0-15 min,False,19,3,Oklahoma,US
43818,Vegetation Fire,2025-03-14 19:47:04.154472+00:00,35.78701537073043,-97.00021713800594,normal,43818.0,2025-03-14 19:49:05.812259+00:00,2.0276297833333334,0-15 min,False,19,3,Oklahoma,US
43820,Mogote Hill Fire,2025-03-14 19:49:11.751869+00:00,35.86196,-104.759471,normal,43820.0,2025-03-14 21:03:42.876135+00:00,74.51873776666666,1-3 hours,False,19,3,New Mexico,US
43823,Camargo Fire,2025-03-14 20:02:49.465844+00:00,35.98579610244218,-99.34546023115524,normal,43823.0,2025-03-14 20:03:00.938072+00:00,0.19120379999999998,0-15 min,False,20,3,Oklahoma,US
43827,Stillwater Fire,2025-03-14 20:14:32.411851+00:00,36.04273,-97.19365,normal,43827.0,2025-03-14 21:13:42.056914+00:00,59.16075105,15-60 min,False,20,3,Oklahoma,US
43828,Station 2 Fire,2025-03-14 20:17:33.023938+00:00,35.231920965396185,-97.15940655055196,normal,43828.0,2025-03-14 23:01:10.860599+00:00,163.63061101666665,1-3 hours,False,20,3,Oklahoma,US
43839,Wildhorse Fire,2025-03-14 20:36:08.377297+00:00,34.43427856422821,-97.69990374925165,normal,43839.0,2025-03-14 21:57:17.164184+00:00,81.14644811666668,1-3 hours,False,20,3,Oklahoma,US
43841,Vegetation Fire,2025-03-14 20:41:17.879738+00:00,35.827086518749454,-97.40739119556558,normal,43841.0,2025-03-14 22:22:05.878097+00:00,100.79997265,1-3 hours,False,20,3,Oklahoma,US
43849,Hellroaring Creek Fire,2025-03-14 20:58:00.642673+00:00,36.23181324463127,-96.74190053531656,normal,43849.0,2025-03-14 20:59:34.660022+00:00,1.5669558166666666,0-15 min,False,20,3,Oklahoma,US
43851,Little Salt Creek Fire,2025-03-14 21:05:30.898825+00:00,36.03219311670404,-96.3871505799228,normal,43851.0,2025-03-14 21:05:43.491393+00:00,0.20987613333333333,0-15 min,False,21,3,Oklahoma,US
43853,Vegetation Fire,2025-03-14 21:08:02.006767+00:00,37.17170246143296,-96.82448637723772,normal,43853.0,2025-03-14 21:08:11.935502+00:00,0.16547891666666667,0-15 min,False,21,3,Kansas,US
43859,Norge Fire,2025-03-14 21:32:38.221304+00:00,34.995160149692126,-97.9878021825251,normal,43859.0,2025-03-14 21:47:52.543166+00:00,15.2386977,15-60 min,False,21,3,Oklahoma,US
43863,Oak Street Fire,2025-03-14 21:48:14.999631+00:00,36.2171702,-96.3888881,normal,43863.0,2025-03-14 23:20:54.013287+00:00,92.65022760000001,1-3 hours,False,21,3,Oklahoma,US
43866,Clear Pond Fire,2025-03-14 22:07:28.232786+00:00,35.5061363743941,-96.94572074570308,normal,43866.0,2025-03-15 03:28:16.882478+00:00,320.8108282,3+ hours,False,22,3,Oklahoma,US
43874,Chandler Fire,2025-03-14 22:38:40.363113+00:00,35.75014,-96.93203,normal,43874.0,2025-03-15 00:54:17.645072+00:00,135.62136598333333,1-3 hours,False,22,3,Oklahoma,US
43879,Hart Creek Fire,2025-03-14 22:58:20.402585+00:00,38.7203955,-92.33740179999997,normal,43879.0,2025-03-14 22:59:53.421012+00:00,1.5503071166666667,0-15 min,False,22,3,Missouri,US
43890,Vegetation Fire,2025-03-14 23:27:09.927622+00:00,38.97119288799556,-95.42827255694536,normal,43890.0,2025-03-14 23:27:21.498418+00:00,0.1928466,0-15 min,False,23,3,Kansas,US
44032,8E Fire,2025-03-17 19:29:55.661962+00:00,40.31453233401604,-105.1688620227084,normal,44032.0,2025-03-17 19:39:29.054930+00:00,9.556549466666667,0-15 min,False,19,3,Colorado,US
44051,Tiger MT. Fire,2025-03-17 21:11:18.764986+00:00,35.40864909879896,-95.84097064073786,normal,44051.0,2025-03-17 21:14:39.645738+00:00,3.3480125333333333,0-15 min,False,21,3,Oklahoma,US
44174,Gail Fire,2025-03-18 21:45:15.865772+00:00,32.91720771803995,-105.53855377851038,normal,44174.0,2025-03-18 21:46:00.518973+00:00,0.7442200166666667,0-15 min,False,21,3,New Mexico,US
44179,Vegetation Fire,2025-03-18 22:10:36.854595+00:00,34.282193,-105.620499,normal,44179.0,2025-03-18 22:34:44.153921+00:00,24.121655433333334,15-60 min,False,22,3,New Mexico,US
44281,Pauline Road Fire,2025-03-19 20:37:18.854746+00:00,30.41542909798038,-95.2485269019919,normal,44281.0,2025-03-20 04:59:41.827514+00:00,502.3828794666667,3+ hours,False,20,3,Texas,US
44413,Sanborn Fire,2025-03-20 21:46:23.527117+00:00,38.7955286,-104.3316259,normal,44413.0,2025-03-20 22:05:05.619892+00:00,18.70154625,15-60 min,False,21,3,Colorado,US
44559,South Rockerville Fire,2025-03-22 20:59:07.110122+00:00,43.898667,-103.392833,normal,44559.0,2025-03-22 22:02:56.540064+00:00,63.82383236666667,1-3 hours,False,20,3,South Dakota,US
44848,N Maxwell Rd Fire,2025-03-26 20:43:53.503625+00:00,41.292286,-100.5135469,normal,44848.0,2025-03-26 23:22:57.171837+00:00,159.0611368666667,1-3 hours,False,20,3,Nebraska,US
45003,Vegetation Fire,2025-03-28 20:51:23.171616+00:00,31.461,-110.289167,normal,45003.0,2025-03-28 21:14:13.845074+00:00,22.844557633333334,15-60 min,False,20,3,Arizona,US
45005,Grain Elevator Explosion Risk,2025-03-28 21:46:29.425572+00:00,36.023444049125345,-101.82343950843918,normal,45005.0,2025-03-28 21:47:01.677153+00:00,0.53752635,0-15 min,False,21,3,Texas,US
45013,Saddlebrooke Fire,2025-03-28 23:31:06.435153+00:00,32.6097166,-110.9870096,normal,45013.0,2025-03-29 18:10:10.124361+00:00,1119.0614868,3+ hours,False,23,3,Arizona,US
45038,Redington Fire,2025-03-29 21:56:05.691394+00:00,32.269354,-110.642109,normal,45038.0,2025-03-29 23:04:44.905836+00:00,68.65357403333334,1-3 hours,False,21,3,Arizona,US
45056,Silver Fire,2025-03-30 21:22:14.510873+00:00,37.40404943157149,-118.36063523211934,normal,45056.0,2025-03-30 22:29:04.542546+00:00,66.83386121666666,1-3 hours,True,21,3,California,US
45146,Alpine Village Fire,2025-04-01 19:19:29.636552+00:00,33.82484110175018,-109.15105169298404,normal,45146.0,2025-04-01 19:29:15.042365+00:00,9.756763549999999,0-15 min,False,19,4,Arizona,US
45180,68th Fire,2025-04-02 19:13:40.110343+00:00,33.5547229,-116.0789339,normal,45180.0,2025-04-02 20:28:12.929965+00:00,74.5469937,1-3 hours,True,19,4,California,US
45511,Salt Flats Fire,2025-04-09 20:08:37.469344+00:00,27.993962,-97.104833,normal,45511.0,2025-04-09 20:08:46.913119+00:00,0.15739625000000002,0-15 min,False,20,4,Texas,US
45802,Turkey Tracks Fire,2025-04-12 23:17:57.427492+00:00,39.14348,-105.12902,normal,45802.0,2025-04-13 00:38:06.287399+00:00,80.14766511666667,1-3 hours,False,23,4,Colorado,US
45804,Vegetation Fire,2025-04-12 23:24:16.061495+00:00,31.9015715,-109.8982731,normal,45804.0,2025-04-12 23:39:10.477190+00:00,14.90692825,0-15 min,False,23,4,Arizona,US
46317,Meadow Fire,2025-04-17 21:41:47.839853+00:00,42.43617,-121.502481,normal,46317.0,2025-04-17 22:26:09.912386+00:00,44.36787555,15-60 min,True,21,4,Oregon,US
46334,Rio Grande Fire,2025-04-17 23:03:44.712982+00:00,34.8625754079341,-106.7197415580861,normal,46334.0,2025-04-17 23:46:42.151579+00:00,42.957309949999996,15-60 min,False,23,4,New Mexico,US
46648,Cottonwood Fire,2025-04-21 23:48:08.826325+00:00,39.44584292792197,-108.04865113192018,normal,46648.0,2025-04-21 23:50:20.370055+00:00,2.1923955000000004,0-15 min,False,23,4,Colorado,US
46703,Vegetation Fire,2025-04-22 18:15:05.275570+00:00,40.63592637073981,-105.15749073913764,normal,46703.0,2025-04-22 18:35:29.700428+00:00,20.40708096666667,15-60 min,False,18,4,Colorado,US
46945,Church Fire,2025-04-25 05:23:52.073454+00:00,33.63478041953769,-116.13992966597375,normal,46945.0,2025-04-25 08:24:48.059300+00:00,180.93309743333333,3+ hours,True,5,4,California,US
47189,Stronghold Fire,2025-04-28 18:57:32.717142+00:00,31.936872519896724,-109.94154534566462,normal,47189.0,2025-04-28 18:58:27.351818+00:00,0.9105779333333334,0-15 min,False,18,4,Arizona,US
47324,Mason Fire,2025-04-30 16:09:13.105723+00:00,31.44439,-109.92975,normal,47324.0,2025-04-30 17:25:12.849165+00:00,75.99572403333333,1-3 hours,False,16,4,Arizona,US
47602,Iron Fire,2025-05-04 18:33:32.507925+00:00,33.35625,-108.554967,normal,47602.0,2025-05-05 01:13:49.184989+00:00,400.2779510666667,3+ hours,False,18,5,New Mexico,US
47936,Wannacut Fire,2025-05-07 21:40:46.313243+00:00,48.88293449555573,-119.51022977237892,normal,47936.0,2025-05-07 23:18:29.428917+00:00,97.71859456666667,1-3 hours,True,21,5,Washington,US
47976,Bryce Fire,2025-05-08 03:07:46.957974+00:00,32.9419,-109.8932,normal,47976.0,2025-05-09 21:24:10.371476+00:00,2536.3902250333335,3+ hours,False,3,5,Arizona,US
48307,Camp House Fire,2025-05-11 18:29:57.216693+00:00,47.290467,-91.83925,normal,48307.0,2025-05-12 15:00:48.783037+00:00,1230.8594390666667,3+ hours,False,18,5,Minnesota,US
48350,Coyote Fire,2025-05-11 22:24:31.423049+00:00,34.15051,-109.2371,normal,48350.0,2025-05-12 00:07:34.808806+00:00,103.05642928333333,1-3 hours,False,22,5,Arizona,US
48388,Jenkins Creek Fire,2025-05-12 16:19:04.809781+00:00,47.372304921423904,-91.97522792395269,normal,48388.0,2025-05-12 19:21:37.689301+00:00,182.547992,3+ hours,False,16,5,Minnesota,US
48421,Munger Shaw Fire,2025-05-12 20:00:35.855074+00:00,47.080229,-92.343839,normal,48421.0,2025-05-12 23:19:16.367758+00:00,198.6752114,3+ hours,False,20,5,Minnesota,US
48507,Greer Fire,2025-05-13 18:01:11.801790+00:00,34.02483188806093,-109.45531632032356,normal,48507.0,2025-05-13 18:43:50.447024+00:00,42.64408723333334,15-60 min,False,18,5,Arizona,US
48606,Dome Rock Trail Fire,2025-05-14 20:55:41.154976+00:00,38.844969635402265,-105.23679418682526,normal,48606.0,2025-05-14 20:56:57.534341+00:00,1.2729894166666669,0-15 min,False,20,5,Colorado,US
48609,Acres Fire,2025-05-14 21:07:50.146843+00:00,37.08072054259259,-120.018768719899,normal,48609.0,2025-05-14 22:12:44.310309+00:00,64.90272443333333,1-3 hours,True,21,5,California,US
48694,Baxter Fire,2025-05-15 22:39:21.485561+00:00,33.60997845599036,-117.1495625955519,normal,48694.0,2025-05-15 23:07:41.095679+00:00,28.326835300000003,15-60 min,True,22,5,California,US
48941,Spring Fire,2025-05-20 04:09:44.165815+00:00,41.33395926811062,-122.32925506734402,normal,48941.0,2025-05-20 05:37:46.149770+00:00,88.03306591666666,1-3 hours,True,4,5,California,US
48977,Crossing Fire,2025-05-20 20:44:28.438178+00:00,33.46672754145662,-116.8277363193632,normal,48977.0,2025-05-20 22:30:37.853938+00:00,106.15692933333334,1-3 hours,True,20,5,California,US
49005,Oling Fire,2025-05-20 23:39:50.255764+00:00,39.61002161433953,-119.3105107521929,normal,49005.0,2025-05-20 23:56:16.477478+00:00,16.437028566666665,15-60 min,True,23,5,Nevada,US
49014,Cedar Fire,2025-05-21 00:53:36.841668+00:00,32.594919868782824,-110.76696250765126,normal,49014.0,2025-05-21 01:44:15.292680+00:00,50.6408502,15-60 min,False,0,5,Arizona,US
49052,Mobile Fire,2025-05-21 19:42:59.412040+00:00,38.80314315843557,-120.81619096970611,normal,49052.0,2025-05-21 20:13:22.819743+00:00,30.390128383333334,15-60 min,True,19,5,California,US
49075,Cody Fire,2025-05-21 22:46:01.116179+00:00,32.5855,-110.738667,normal,49075.0,2025-05-21 22:56:55.607358+00:00,10.908186316666667,0-15 min,False,22,5,Arizona,US
49168,Inn Fire,2025-05-22 22:51:51.854753+00:00,38.009312,-119.156506,normal,49168.0,2025-05-23 00:39:23.769174+00:00,107.53190701666668,1-3 hours,True,22,5,California,US
49318,Pluto Fire,2025-05-24 21:26:01.365540+00:00,41.570209939589176,-122.29138598534384,normal,49318.0,2025-05-24 22:07:27.270013+00:00,41.431741216666666,15-60 min,True,21,5,California,US
49416,Camp Fire,2025-05-25 22:32:17.848556+00:00,33.48351,-105.54944,normal,49416.0,2025-05-26 01:05:30.299279+00:00,153.20751205,1-3 hours,False,22,5,New Mexico,US
49493,Second Creek Fire,2025-05-26 19:29:56.999958+00:00,47.725388,-120.605695,normal,49493.0,2025-05-27 22:34:02.226241+00:00,1624.0871047166665,3+ hours,True,19,5,Washington,US
49498,Cherry Fire,2025-05-26 20:20:14.775065+00:00,38.34351756497753,-122.01651686835775,normal,49498.0,2025-05-26 21:03:13.169936+00:00,42.97324785,15-60 min,True,20,5,California,US
49629,Manley Creek Fire,2025-05-27 22:20:45.561171+00:00,48.18361886823698,-116.76555451742364,normal,49629.0,2025-05-27 23:43:43.619535+00:00,82.96763940000001,1-3 hours,True,22,5,Idaho,US
49736,Juniper Fire,2025-05-28 22:12:47.980573+00:00,41.58254939666091,-122.34908918819168,normal,49736.0,2025-05-28 23:30:13.235688+00:00,77.42091858333333,1-3 hours,True,22,5,California,US
49744,Cherry Hill Fire,2025-05-28 23:12:21.956064+00:00,45.684,-121.3899,normal,49744.0,2025-05-28 23:37:56.770387+00:00,25.580238716666667,15-60 min,True,23,5,Washington,US
49799,0175 Vegetation Fire,2025-05-29 18:52:34.060491+00:00,44.598225,-121.115215,normal,49799.0,2025-05-29 18:53:54.594449+00:00,1.3422326333333332,0-15 min,True,18,5,Oregon,US
49823,Frazier Fire,2025-05-29 20:58:11.748683+00:00,34.821953113083055,-118.9112020390972,normal,49823.0,2025-05-29 23:36:23.841442+00:00,158.20154598333332,1-3 hours,True,20,5,California,US
49959,Henderson Fire,2025-05-31 00:46:21.930858+00:00,33.37699580398413,-117.06456153304303,normal,49959.0,2025-05-31 01:40:37.992470+00:00,54.267693533333336,15-60 min,True,0,5,California,US
49996,Cutty's Fire,2025-05-31 19:02:42.909949+00:00,38.337799,-105.795224,normal,49996.0,2025-06-01 00:11:57.197360+00:00,309.2381235166667,3+ hours,False,19,5,Colorado,US
50094,Ancient Lakes Fire,2025-06-01 05:48:51.983501+00:00,47.1490288,-119.9482767,normal,50094.0,2025-06-01 07:02:56.420950+00:00,74.07395748333333,1-3 hours,True,5,6,Washington,US
50173,Telephone Fire,2025-06-02 01:21:55.037333+00:00,42.80974987350939,-121.56577101163376,normal,50173.0,2025-06-02 03:20:27.564548+00:00,118.54212025,1-3 hours,True,1,6,Oregon,US
50258,Vista Grande Fire,2025-06-02 22:45:01.081932+00:00,38.27444573519841,-122.06501697200348,normal,50258.0,2025-06-02 23:35:47.233357+00:00,50.76919041666667,15-60 min,True,22,6,California,US
50261,Rector Fire,2025-06-02 23:04:30.144245+00:00,36.764250882843015,-119.23625932168684,normal,50261.0,2025-06-03 00:16:51.921390+00:00,72.36295241666667,1-3 hours,True,23,6,California,US
50324,Fish Fire,2025-06-03 20:52:34.624078+00:00,37.074944,-118.317778,normal,50324.0,2025-06-03 21:16:42.039841+00:00,24.12359605,15-60 min,True,20,6,California,US
50330,Barber Lane Fire,2025-06-03 22:14:47.779808+00:00,45.17698,-121.346027,normal,50330.0,2025-06-03 22:19:16.374140+00:00,4.476572200000001,0-15 min,True,22,6,Oregon,US
50339,Euston Fire (212),2025-06-03 23:35:28.259677+00:00,44.32166,-121.185472,normal,50339.0,2025-06-04 00:36:29.676876+00:00,61.02361998333333,1-3 hours,True,23,6,Oregon,US
50389,Ranch Fire,2025-06-04 17:35:43.410315+00:00,31.355350183085903,-110.62789179203985,normal,50389.0,2025-06-04 20:06:18.801994+00:00,150.58986131666668,1-3 hours,False,17,6,Sonora,MX
50467,Fort Fire,2025-06-05 06:39:03.199528+00:00,34.8936676816998,-118.91845425889856,normal,50467.0,2025-06-05 07:32:17.830595+00:00,53.24385111666666,15-60 min,True,6,6,California,US
50529,Adams Fire,2025-06-05 22:41:06.892016+00:00,47.271489,-119.745232,normal,50529.0,2025-06-05 23:10:07.076931+00:00,29.003081916666666,15-60 min,True,22,6,Washington,US
50682,Sunny Side Fire,2025-06-07 19:17:57.242187+00:00,44.82591940082787,-121.22320933418304,normal,50682.0,2025-06-07 21:16:18.970224+00:00,118.36213395,1-3 hours,True,19,6,Oregon,US
50694,Isabella Fire,2025-06-07 20:37:09.525396+00:00,35.59406207603597,-118.49213973138768,normal,50694.0,2025-06-07 21:40:13.000669+00:00,63.057921216666664,1-3 hours,True,20,6,California,US
50700,Vista Fire,2025-06-07 21:56:44.018544+00:00,41.574274,-122.337093,normal,50700.0,2025-06-07 22:30:30.041668+00:00,33.767052066666665,15-60 min,True,21,6,California,US
50711,Houston Rd Fire,2025-06-07 23:40:41.999778+00:00,42.277399,-122.834893,normal,50711.0,2025-06-08 00:47:02.100198+00:00,66.335007,1-3 hours,True,23,6,Oregon,US
50790,Evergreen Fire,2025-06-09 00:08:17.125814+00:00,37.987991,-120.228033,normal,50790.0,2025-06-09 00:51:04.607888+00:00,42.7913679,15-60 min,True,0,6,California,US
50803,Reading Fire,2025-06-09 01:58:47.757309+00:00,40.64051,-122.942718,normal,50803.0,2025-06-09 03:51:56.180961+00:00,113.1403942,1-3 hours,True,1,6,California,US
50837,Highlands Fire,2025-06-09 16:34:31.088153+00:00,39.851,-121.157333,normal,50837.0,2025-06-09 17:21:24.688855+00:00,46.89334503333334,15-60 min,True,16,6,California,US
50883,Illinois Fire,2025-06-09 22:36:34.187430+00:00,38.8809,-106.53072,normal,50883.0,2025-06-09 22:42:06.498669+00:00,5.53852065,0-15 min,False,22,6,Colorado,US
50892,Barcelona Fire,2025-06-09 23:00:22.073438+00:00,35.1643573633681,-120.68449210903611,normal,50892.0,2025-06-09 23:20:47.879786+00:00,20.4301058,15-60 min,True,23,6,California,US
50893,Red Bridge Fire,2025-06-09 23:03:08.919502+00:00,47.19667033901993,-120.806749280162,normal,50893.0,2025-06-10 00:01:18.711064+00:00,58.163192699999996,15-60 min,True,23,6,Washington,US
50974,Cahuilla Fire,2025-06-10 19:34:38.846580+00:00,33.525588821335305,-116.74270130227958,normal,50974.0,2025-06-10 21:17:30.093820+00:00,102.85412066666666,1-3 hours,True,19,6,California,US
50990,Ranch Fire,2025-06-10 20:48:08.990330+00:00,34.374337,-117.123108,normal,50990.0,2025-06-10 23:22:18.586418+00:00,154.1599348,1-3 hours,True,20,6,California,US
51017,Bethany Fire,2025-06-10 22:29:21.003582+00:00,34.20067063688833,-118.30916579788833,normal,51017.0,2025-06-10 23:13:03.437805+00:00,43.70723705,15-60 min,True,22,6,California,US
51025,Marie Fire,2025-06-10 23:15:28.057066+00:00,39.62184108867959,-119.75101763440269,normal,51025.0,2025-06-10 23:27:54.203423+00:00,12.435772616666666,0-15 min,True,23,6,Nevada,US
51125,Aspen Fire,2025-06-11 16:39:07.976513+00:00,42.868417,-121.438383,normal,51125.0,2025-06-11 17:27:21.793638+00:00,48.23028541666667,15-60 min,True,16,6,Oregon,US
51179,Rowena Fire,2025-06-11 20:46:33.083167+00:00,45.68402926268368,-121.2934335471932,normal,51179.0,2025-06-11 20:57:40.371487+00:00,11.121472,0-15 min,True,20,6,Oregon,US
51185,Grant Lake Fire,2025-06-11 21:18:12.633403+00:00,45.69862636088587,-121.736560366251,normal,51185.0,2025-06-11 22:38:07.703177+00:00,79.91782956666665,1-3 hours,True,21,6,Washington,US
51220,Sand Hill/Hot Springs Fire,2025-06-11 22:56:24.567008+00:00,45.71584228652264,-121.80095418610928,normal,51220.0,2025-06-11 23:02:26.821329+00:00,6.037572016666667,0-15 min,True,22,6,Washington,US
51239,Vegetation Fire (255),2025-06-11 23:53:59.354330+00:00,43.705167,-121.466533,normal,51239.0,2025-06-12 00:21:55.529555+00:00,27.93625375,15-60 min,True,23,6,Oregon,US
51242,Strawberry Fire,2025-06-12 00:05:25.009211+00:00,42.132,-120.901667,normal,51242.0,2025-06-12 00:36:45.876515+00:00,31.347788400000002,15-60 min,True,0,6,Oregon,US
51253,Jade Fire,2025-06-12 01:12:18.846793+00:00,41.653135,-122.387722,normal,51253.0,2025-06-12 01:26:51.725316+00:00,14.547975383333332,0-15 min,True,1,6,California,US
51281,Ferry Fire (262),2025-06-12 04:46:16.802526+00:00,45.43526,-120.50285,normal,51281.0,2025-06-12 16:46:52.621283+00:00,720.5969792833333,3+ hours,True,4,6,Oregon,US
51290,Vansycle Canyon Fire,2025-06-12 09:30:21.835792+00:00,46.00680917059376,-118.85509546933088,normal,51290.0,2025-06-12 17:14:42.859365+00:00,464.3503928833333,3+ hours,True,9,6,Washington,US
51304,Trout Fire,2025-06-12 14:53:05.555820+00:00,32.979417,-108.232667,normal,51304.0,2025-06-12 23:52:07.339047+00:00,539.02972045,3+ hours,False,14,6,New Mexico,US
51308,Buck Fire,2025-06-12 15:44:05.432417+00:00,33.59564,-108.21086,normal,51308.0,2025-06-13 15:57:26.054226+00:00,1453.3436968166668,3+ hours,False,15,6,New Mexico,US
51371,Claro Fire,2025-06-12 21:52:06.290309+00:00,33.080795595037344,-117.2125093077954,normal,51371.0,2025-06-12 22:42:20.718218+00:00,50.24046515,15-60 min,True,21,6,California,US
51377,Vegetation Fire (267),2025-06-12 22:24:59.995262+00:00,44.66288834611208,-121.0903146316922,normal,51377.0,2025-06-12 22:26:01.045714+00:00,1.0175075333333334,0-15 min,True,22,6,Oregon,US
51392,Firestone Fire,2025-06-12 23:15:18.726868+00:00,36.09595295326925,-120.45145213257734,normal,51392.0,2025-06-13 00:17:13.156013+00:00,61.90715241666667,1-3 hours,True,23,6,California,US
51468,Pomas Fire,2025-06-13 19:56:55.162802+00:00,48.091433,-120.723083,normal,51468.0,2025-06-16 22:40:37.229440+00:00,4483.701110633334,3+ hours,True,19,6,Washington,US
51475,Clement Fire,2025-06-13 20:43:00.622251+00:00,40.479167,-122.4495,normal,51475.0,2025-06-13 21:03:04.102631+00:00,20.05800633333333,15-60 min,True,20,6,California,US
51482,Dogs Fire,2025-06-13 21:06:08.260822+00:00,35.602556,-119.008145,normal,51482.0,2025-06-14 00:20:11.367020+00:00,194.05176996666665,3+ hours,True,21,6,California,US
51485,Linda Fire,2025-06-13 21:09:03.967421+00:00,38.451288548177104,-122.01026276681031,normal,51485.0,2025-06-13 21:51:21.552374+00:00,42.29308255,15-60 min,True,21,6,California,US
51502,Liberty Fire,2025-06-13 22:24:32.556185+00:00,45.889363,-119.292494,normal,51502.0,2025-06-13 22:39:31.352740+00:00,14.979942583333333,0-15 min,True,22,6,Oregon,US
51505,Nutrioso Creek Fire,2025-06-13 22:35:53.256857+00:00,33.966,-109.205,normal,51505.0,2025-06-13 22:47:20.416569+00:00,11.452661866666666,0-15 min,False,22,6,Arizona,US
51635,Jericho Mountain Fire,2025-06-15 17:46:06.652105+00:00,46.485098074058726,-112.31641897848536,normal,51635.0,2025-06-18 21:54:20.411738+00:00,4568.229327216667,3+ hours,False,17,6,Montana,US
51655,Kahikinui Fire,2025-06-15 20:42:48.552077+00:00,20.62858,-156.27358,normal,51655.0,2025-06-15 20:44:26.467594+00:00,1.6319252833333333,0-15 min,True,20,6,Hawaii,US
51741,Alder Springs Fire (291),2025-06-16 16:57:11.464954+00:00,44.4431,-121.346851,normal,51741.0,2025-06-16 19:12:51.657669+00:00,135.66987858333334,1-3 hours,True,16,6,Oregon,US
51791,Mission Fire,2025-06-16 21:53:42.222465+00:00,33.30176662137306,-117.2258825452337,normal,51791.0,2025-06-16 22:31:09.437504+00:00,37.45358398333334,15-60 min,True,21,6,California,US
51796,Maria Fire,2025-06-16 22:28:33.166394+00:00,34.33779080554778,-119.06917725116054,normal,51796.0,2025-06-17 00:21:59.220545+00:00,113.43423585000001,1-3 hours,True,22,6,California,US
51800,Raymond Fire,2025-06-16 22:32:34.046177+00:00,36.98280570000001,-120.0359055,normal,51800.0,2025-06-16 23:06:37.274067+00:00,34.05379816666667,15-60 min,True,22,6,California,US
51802,Carmel Fire,2025-06-16 22:34:39.313409+00:00,36.4837427437903,-121.74195205840084,normal,51802.0,2025-06-16 23:42:17.631869+00:00,67.63864099999999,1-3 hours,True,22,6,California,US
51825,Howe Fire,2025-06-17 01:25:24.431055+00:00,34.38921521404458,-118.78970228111892,normal,51825.0,2025-06-17 03:40:56.343117+00:00,135.5318677,1-3 hours,True,1,6,California,US
51881,Redhill Fire,2025-06-17 18:42:23.617962+00:00,39.283267,-121.328015,normal,51881.0,2025-06-17 19:20:18.682435+00:00,37.91774121666666,15-60 min,True,18,6,California,US
51918,Bonanza Fire,2025-06-17 21:41:24.593460+00:00,38.65789654029626,-120.88950191634989,normal,51918.0,2025-06-17 22:44:08.108400+00:00,62.725249,1-3 hours,True,21,6,California,US
51919,Monte Fire,2025-06-17 21:42:57.695979+00:00,32.892035845561395,-116.84365939225184,normal,51919.0,2025-06-17 21:55:22.717678+00:00,12.417028316666666,0-15 min,True,21,6,California,US
51926,Seven Springs Fire,2025-06-17 21:58:16.007431+00:00,33.066183,-105.80735,normal,51926.0,2025-06-17 23:53:42.706476+00:00,115.44498408333334,1-3 hours,False,21,6,New Mexico,US
51940,Ranch Fire,2025-06-17 23:08:56.431766+00:00,37.40991227442696,-121.8440528076688,normal,51940.0,2025-06-18 00:30:52.780369+00:00,81.93914338333335,1-3 hours,True,23,6,California,US
52004,Upper Applegate Fire,2025-06-18 19:42:55.819222+00:00,42.207033,-123.043967,normal,52004.0,2025-06-18 20:45:46.938050+00:00,62.85198046666667,1-3 hours,True,19,6,Oregon,US
52024,Parksmith Fire,2025-06-18 22:28:06.230447+00:00,47.758463,-117.357107,normal,52024.0,2025-06-18 23:18:10.260479+00:00,50.0671672,15-60 min,True,22,6,Washington,US
52028,Red Canyon Fire,2025-06-18 22:42:50.532946+00:00,39.6937,-106.746583,normal,52028.0,2025-06-18 23:26:31.963568+00:00,43.690510366666665,15-60 min,False,22,6,Colorado,US
52031,Vegetation Fire,2025-06-18 22:50:15.528605+00:00,45.560671,-121.120722,normal,52031.0,2025-06-18 22:51:40.924995+00:00,1.4232731666666667,0-15 min,True,22,6,Oregon,US
52051,Rider Fire,2025-06-19 00:24:14.391968+00:00,33.82776729840637,-117.26151636647364,normal,52051.0,2025-06-19 02:00:08.922912+00:00,95.90884906666666,1-3 hours,True,0,6,California,US
52064,Band Fire,2025-06-19 01:34:48.521771+00:00,37.645729,-120.335917,normal,52064.0,2025-06-19 03:22:23.730810+00:00,107.58681731666667,1-3 hours,True,1,6,California,US
52071,Somersville Fire,2025-06-19 02:17:38.391494+00:00,37.97745536327015,-121.85461051698752,normal,52071.0,2025-06-19 03:46:01.215850+00:00,88.38040593333334,1-3 hours,True,2,6,California,US
52119,West Clark Fire,2025-06-19 19:56:03.918145+00:00,42.85393813713151,-112.46275099898476,normal,52119.0,2025-06-19 21:57:26.374963+00:00,121.3742803,1-3 hours,False,19,6,Idaho,US
52121,Rancho Fire,2025-06-19 20:06:09.045520+00:00,40.403435620791896,-122.31370845266366,normal,52121.0,2025-06-19 20:35:11.424267+00:00,29.039645783333334,15-60 min,True,20,6,California,US
52124,Trail Creek Fire,2025-06-19 20:28:57.045663+00:00,47.11014780859065,-120.35437605224506,normal,52124.0,2025-06-19 22:22:51.302512+00:00,113.90428081666667,1-3 hours,True,20,6,Washington,US
52139,Rice Fire,2025-06-19 21:20:22.620333+00:00,44.02933972510587,-123.8592585446486,normal,52139.0,2025-06-19 21:21:59.231093+00:00,1.6101793333333334,0-15 min,True,21,6,Oregon,US
52143,Hawick Fire,2025-06-19 21:46:56.551365+00:00,32.828768868672014,-116.88646161557988,normal,52143.0,2025-06-19 22:25:20.779808+00:00,38.40380738333333,15-60 min,True,21,6,California,US
52167,Forsyth Fire,2025-06-20 00:22:59.058430+00:00,37.34094689670766,-113.51838685119549,normal,52167.0,2025-06-20 03:25:14.457961+00:00,182.25665884999998,3+ hours,False,0,6,Utah,US
52193,Conner Fire,2025-06-20 09:43:33.425951+00:00,38.85433518655009,-119.64287701526808,normal,52193.0,2025-06-20 11:15:49.202135+00:00,92.2629364,1-3 hours,True,9,6,Nevada,US
52222,Keeney Fire,2025-06-20 19:00:21.021791+00:00,47.52934284999776,-117.41596494792054,normal,52222.0,2025-06-20 19:02:18.446172+00:00,1.9570730166666666,0-15 min,True,19,6,Washington,US
52255,Rush Fire,2025-06-20 21:47:14.138743+00:00,40.712911840633865,-122.81400394947072,normal,52255.0,2025-06-20 22:36:23.810012+00:00,49.16118781666667,15-60 min,True,21,6,California,US
52267,Happy Fire,2025-06-20 22:17:44.545964+00:00,40.4824190207959,-122.39581022450828,normal,52267.0,2025-06-20 22:26:13.710243+00:00,8.486071316666667,0-15 min,True,22,6,California,US
52282,Knoll Fire,2025-06-20 23:15:18.305555+00:00,40.63888506420065,-122.38694664679348,normal,52282.0,2025-06-20 23:34:49.236896+00:00,19.51552235,15-60 min,True,23,6,California,US
52285,Cottonwood Creek Fire,2025-06-20 23:29:29.581705+00:00,39.49093335612528,-107.947930564625,normal,52285.0,2025-06-21 00:37:41.595815+00:00,68.20023516666667,1-3 hours,False,23,6,Colorado,US
52354,Cotton 1 Fire,2025-06-21 21:22:44.821487+00:00,34.797195,-106.725915,normal,52354.0,2025-06-21 21:27:01.342833+00:00,4.275355766666666,0-15 min,False,21,6,New Mexico,US
52362,Chariot Fire,2025-06-21 21:50:24.063456+00:00,33.26857164800356,-117.22103181847024,normal,52362.0,2025-06-21 22:17:09.791224+00:00,26.762129466666668,15-60 min,True,21,6,California,US
52416,Cotton 2 Fire,2025-06-22 15:47:55.131575+00:00,34.808333,-106.712167,normal,52416.0,2025-06-22 16:22:35.198200+00:00,34.667777083333334,15-60 min,False,15,6,New Mexico,US
52462,Barstow Road Fire,2025-06-23 00:59:36.996508+00:00,46.468846418991546,-118.34470459496742,normal,52462.0,2025-06-23 05:11:41.702833+00:00,252.07843874999998,3+ hours,True,0,6,Washington,US
52501,Alameda Fire,2025-06-23 19:03:03.647101+00:00,37.842418,-121.950772,normal,52501.0,2025-06-23 19:44:11.281401+00:00,41.12723833333334,15-60 min,True,19,6,California,US
52600,Hawk Fire,2025-06-24 19:20:58.219885+00:00,39.5561077,-121.3546155,normal,52600.0,2025-06-24 20:16:22.114123+00:00,55.3982373,15-60 min,True,19,6,California,US
52642,Ariane Fire,2025-06-25 00:14:46.391891+00:00,32.803694,-117.193247,normal,52642.0,2025-06-25 01:06:16.901605+00:00,51.50849523333333,15-60 min,True,0,6,California,US
52644,Montana Fire,2025-06-25 00:46:10.749260+00:00,41.62973897759301,-122.36581367566002,normal,52644.0,2025-06-25 01:18:31.860904+00:00,32.35186073333333,15-60 min,True,0,6,California,US
52706,Laguna Fire,2025-06-25 21:22:28.230204+00:00,36.338283,-106.754783,normal,52706.0,2025-07-13 03:32:31.015301+00:00,24850.04641828333,3+ hours,False,21,6,New Mexico,US
52708,Bell Fire,2025-06-25 21:23:42.702261+00:00,38.97590203025575,-121.13712371090472,normal,52708.0,2025-06-25 22:07:08.390662+00:00,43.42814001666667,15-60 min,True,21,6,California,US
52722,Nile Fire,2025-06-25 22:36:25.880437+00:00,47.42042,-120.239597,normal,52722.0,2025-06-25 23:35:42.460043+00:00,59.276326766666664,15-60 min,True,22,6,Washington,US
52801,Hilltop Fire,2025-06-26 21:06:14.229651+00:00,39.4852,-107.8968,normal,52801.0,2025-06-26 21:31:39.912517+00:00,25.42804776666667,15-60 min,False,21,6,Colorado,US
52811,0332 NE Fire,2025-06-26 22:17:19.727971+00:00,43.6927,-121.463333,normal,52811.0,2025-06-26 22:41:07.396464+00:00,23.794474883333333,15-60 min,True,22,6,Oregon,US
52830,Palmer Fire,2025-06-27 01:02:19.157882+00:00,39.526297,-107.319168,normal,52830.0,2025-06-27 01:51:48.547123+00:00,49.48982068333333,15-60 min,False,1,6,Colorado,US
52835,Red Fire,2025-06-27 01:25:02.102063+00:00,37.08634633440481,-119.6987629808624,normal,52835.0,2025-06-27 02:00:09.689018+00:00,35.12644925,15-60 min,True,1,6,California,US
52849,Saddle Fire,2025-06-27 06:14:38.798499+00:00,36.39772312554948,-118.94937089917204,normal,52849.0,2025-06-28 01:55:07.599691+00:00,1180.4800198666667,3+ hours,True,6,6,California,US
52914,Springs Fire,2025-06-27 23:42:31.425857+00:00,41.56853112989074,-122.36309951782728,normal,52914.0,2025-06-28 00:50:12.149401+00:00,67.67872573333334,1-3 hours,True,23,6,California,US
52925,Dinkey Fire,2025-06-28 00:55:50.360128+00:00,37.0849438761128,-119.15416941648604,normal,52925.0,2025-06-28 02:04:23.320597+00:00,68.54934114999999,1-3 hours,True,0,6,California,US
52974,328 Fire,2025-06-28 17:42:59.312899+00:00,36.38342865759344,-119.28866722802982,normal,52974.0,2025-06-28 18:32:51.781177+00:00,49.874471299999996,15-60 min,True,17,6,California,US
52994,Oak Ridge Fire,2025-06-28 20:43:14.583231+00:00,35.600693463632965,-109.17103126702806,normal,52994.0,2025-06-29 01:14:26.863954+00:00,271.20467871666665,3+ hours,False,20,6,Arizona,US
52996,Llano Fire,2025-06-28 20:49:05.673716+00:00,35.490132,-120.720446,normal,52996.0,2025-06-28 22:08:17.205428+00:00,79.1921952,1-3 hours,True,20,6,California,US
53001,Homer Fire,2025-06-28 21:25:41.365796+00:00,43.74301890897567,-116.42529927909202,normal,53001.0,2025-06-28 23:19:05.468487+00:00,113.40171151666667,1-3 hours,True,21,6,Idaho,US
53015,Polar Fire,2025-06-28 22:45:22.231133+00:00,42.36765433171578,-121.37384984031966,normal,53015.0,2025-06-28 23:22:55.486544+00:00,37.55425685,15-60 min,True,22,6,Oregon,US
53019,Lake Fire,2025-06-28 22:57:16.437642+00:00,34.28644,-117.348722,normal,53019.0,2025-06-29 00:39:22.252101+00:00,102.09690765,1-3 hours,True,22,6,California,US
53123,Kenyon Fire,2025-06-29 20:47:05.966114+00:00,40.5426277,-122.4006667,normal,53123.0,2025-06-29 21:06:35.985358+00:00,19.500320733333336,15-60 min,True,20,6,California,US
53124,Mandalay Fire,2025-06-29 20:50:49.676784+00:00,33.95585428537714,-117.4882729863432,normal,53124.0,2025-06-29 22:12:49.997357+00:00,82.00534288333333,1-3 hours,True,20,6,California,US
53137,Wolf Fire,2025-06-29 22:15:25.617556+00:00,33.886539,-116.899558,normal,53137.0,2025-06-30 00:55:47.481082+00:00,160.36439209999998,1-3 hours,True,22,6,California,US
53140,Cable Fire,2025-06-29 22:31:54.889206+00:00,34.22563607891783,-117.37568175264268,normal,53140.0,2025-06-29 23:48:46.580433+00:00,76.86152045,1-3 hours,True,22,6,California,US
53148,Mindy Fire,2025-06-29 22:52:37.917889+00:00,33.55827609689565,-116.860696694627,normal,53148.0,2025-06-30 01:23:14.618856+00:00,150.61168278333335,1-3 hours,True,22,6,California,US
53219,Juniper Fire,2025-06-30 18:33:25.003848+00:00,33.80209547762077,-117.32354380491034,normal,53219.0,2025-06-30 20:25:36.166161+00:00,112.18603854999999,1-3 hours,True,18,6,California,US
53263,Turkey Fire,2025-06-30 22:48:01.732115+00:00,34.29848250717956,-112.24583196462362,normal,53263.0,2025-06-30 23:26:11.927834+00:00,38.169928649999996,15-60 min,False,22,6,Arizona,US
53297,Perch Fire,2025-07-01 00:45:26.420900+00:00,41.91514,-122.427283,normal,53297.0,2025-07-01 00:57:30.261163+00:00,12.064004383333334,0-15 min,True,0,7,California,US
53351,East Trail Creek Fire,2025-07-01 15:37:58.627983+00:00,42.73334881036104,-122.85142694737873,normal,53351.0,2025-07-01 16:58:31.974617+00:00,80.55577723333334,1-3 hours,True,15,7,Oregon,US
53362,Monarch Fire,2025-07-01 16:51:16.133209+00:00,33.9023,-112.671317,normal,53362.0,2025-07-01 17:34:48.216465+00:00,43.53472093333333,15-60 min,False,16,7,Arizona,US
53380,Summit Fire,2025-07-01 18:34:59.483239+00:00,41.52200686868261,-123.14827142018952,normal,53380.0,2025-07-01 23:07:25.185850+00:00,272.42837685,3+ hours,True,18,7,California,US
53384,Black Canyon Fire,2025-07-01 18:52:13.004928+00:00,42.428443,-119.616605,normal,53384.0,2025-07-02 00:05:34.119312+00:00,313.3519064,3+ hours,True,18,7,Oregon,US
53385,Garden Creek Fire,2025-07-01 18:56:34.099985+00:00,43.22224088472524,-112.13411934887688,normal,53385.0,2025-07-02 00:32:30.693580+00:00,335.9432265833333,3+ hours,False,18,7,Idaho,US
53421,Barron Fire,2025-07-01 21:15:02.313508+00:00,39.468673,-119.760002,normal,53421.0,2025-07-01 22:49:03.195802+00:00,94.0147049,1-3 hours,True,21,7,Nevada,US
53442,Fish Hatchery Fire,2025-07-01 22:18:29.794663+00:00,44.875583,-121.272722,normal,53442.0,2025-07-01 23:49:08.992299+00:00,90.65329393333333,1-3 hours,True,22,7,Oregon,US
53492,Oakdale Fire,2025-07-02 01:16:43.909931+00:00,38.672671,-122.016799,normal,53492.0,2025-07-02 02:10:38.809047+00:00,53.91498526666667,15-60 min,True,1,7,California,US
53571,Green Fire,2025-07-02 16:27:37.676311+00:00,40.835159,-122.093756,normal,53571.0,2025-07-08 22:00:11.044395+00:00,8972.556134733333,3+ hours,True,16,7,California,US
53604,Orchard Fire,2025-07-02 19:27:52.929595+00:00,34.723417,-112.076306,normal,53604.0,2025-07-02 19:42:03.365453+00:00,14.173930966666667,0-15 min,False,19,7,Arizona,US
53605,Grizzly Flat Fire (391),2025-07-02 19:31:30.782922+00:00,44.479802385806266,-120.94943034692844,normal,53605.0,2025-07-02 21:04:14.652815+00:00,92.73116488333334,1-3 hours,True,19,7,Oregon,US
53616,Madre Fire,2025-07-02 20:10:06.036901+00:00,35.094388,-120.045147,normal,53616.0,2025-07-02 22:35:51.000070+00:00,145.74938615000002,1-3 hours,True,20,7,California,US
53636,Cold Springs Fire,2025-07-02 21:28:31.912101+00:00,45.87598380045716,-119.16398119038377,normal,53636.0,2025-07-02 23:03:21.608398+00:00,94.82827161666667,1-3 hours,True,21,7,Oregon,US
53637,Juniper Fire,2025-07-02 21:37:38.256908+00:00,34.109332587335416,-112.26042556470456,normal,53637.0,2025-07-02 23:26:59.518389+00:00,109.35435801666667,1-3 hours,False,21,7,Arizona,US
53642,Trout Fire,2025-07-02 21:47:54.744732+00:00,42.536383,-121.500583,normal,53642.0,2025-07-02 21:49:41.569661+00:00,1.7804154833333332,0-15 min,True,21,7,Oregon,US
53657,Apple Acres Fire,2025-07-02 22:41:00.098499+00:00,47.92649042603708,-119.91293914856138,normal,53657.0,2025-07-03 00:05:19.066312+00:00,84.31613021666666,1-3 hours,True,22,7,Washington,US
53659,Texas Ferry/Siegel Fire,2025-07-02 22:48:43.401612+00:00,47.27709963961061,-117.55602732523248,normal,53659.0,2025-07-02 23:05:54.055131+00:00,17.177558649999998,15-60 min,True,22,7,Washington,US
53664,White Pine Fire,2025-07-02 22:54:44.790743+00:00,47.7866602496199,-120.87564763853128,normal,53664.0,2025-07-03 01:16:39.677160+00:00,141.91477361666665,1-3 hours,True,22,7,Washington,US
53681,Winslow Road/Larch Creek Fire,2025-07-02 23:40:32.072848+00:00,45.383779,-121.239849,normal,53681.0,2025-07-02 23:41:14.938188+00:00,0.7144223333333334,0-15 min,True,23,7,Oregon,US
53696,Makoshika Fire,2025-07-03 00:11:16.219969+00:00,47.060448,-104.681077,normal,53696.0,2025-07-03 06:07:52.910598+00:00,356.61151048333335,3+ hours,False,0,7,Montana,US
53708,Arlington Fire (400),2025-07-03 00:45:43.039081+00:00,45.70073562403584,-120.34419199314404,normal,53708.0,2025-07-03 02:22:28.034125+00:00,96.7499174,1-3 hours,True,0,7,Oregon,US
53745,Short Oil Fire,2025-07-03 04:02:11.202321+00:00,48.344071,-107.868576,normal,53745.0,2025-07-03 04:55:08.998965+00:00,52.9632774,15-60 min,False,4,7,Montana,US
53814,Jacket Fire,2025-07-03 17:15:18.530419+00:00,41.30177716087783,-123.29845395049792,normal,53814.0,2025-07-03 17:27:29.167666+00:00,12.17728745,0-15 min,True,17,7,California,US
53919,Miller Creek - Custer Fire,2025-07-03 23:48:39.283549+00:00,46.04505,-106.168767,normal,53919.0,2025-07-04 05:20:34.501958+00:00,331.9203068166667,3+ hours,False,23,7,Montana,US
53925,Gun Dog Road Fire,2025-07-04 00:07:37.836225+00:00,48.27562111191492,-120.07750287174142,normal,53925.0,2025-07-04 00:59:03.286448+00:00,51.42417038333333,15-60 min,True,0,7,Washington,US
53927,Elwood Fire,2025-07-04 00:18:40.668961+00:00,36.81394894194307,-119.37964941912514,normal,53927.0,2025-07-04 00:47:14.652071+00:00,28.566385166666667,15-60 min,True,0,7,California,US
53945,Butler Fire,2025-07-04 01:54:56.029080+00:00,41.31337100140533,-123.41470422932662,normal,53945.0,2025-07-07 15:59:18.321350+00:00,5164.371537833333,3+ hours,True,1,7,California,US
53980,Barber Fire,2025-07-04 05:11:14.588941+00:00,40.714483,-117.863733,normal,53980.0,2025-07-04 20:54:37.909636+00:00,943.38867825,3+ hours,True,5,7,Nevada,US
54069,District Fire,2025-07-04 19:13:16.029598+00:00,39.44446154408851,-121.4840241462439,normal,54069.0,2025-07-04 19:43:32.109034+00:00,30.2679906,15-60 min,True,19,7,California,US
54085,Pine Fire,2025-07-04 19:56:57.399166+00:00,40.65098714921609,-122.36284135275343,normal,54085.0,2025-07-04 20:08:29.299455+00:00,11.531671483333334,0-15 min,True,19,7,California,US
54112,Grove Fire,2025-07-04 21:52:49.878109+00:00,39.37225997776315,-121.41427939108397,normal,54112.0,2025-07-04 22:24:23.937535+00:00,31.5676571,15-60 min,True,21,7,California,US
54142,Dragon Bravo Fire,2025-07-04 23:00:03.077073+00:00,36.238417,-112.1032,normal,54142.0,2025-07-11 23:45:10.047190+00:00,10125.116168616667,3+ hours,False,23,7,Arizona,US
54187,Nassa Point Fire,2025-07-05 01:13:51.782628+00:00,46.162127,-123.322968,normal,54187.0,2025-07-05 01:25:26.152627+00:00,11.572833316666667,0-15 min,True,1,7,Washington,US
54336,C Hill Fire,2025-07-05 06:55:06.063147+00:00,39.150567547769214,-119.7877558549,normal,54336.0,2025-07-05 09:08:09.403306+00:00,133.05566931666667,1-3 hours,True,6,7,Nevada,US
54502,Hunter Fire,2025-07-05 23:05:25.105385+00:00,37.565977,-120.150581,normal,54502.0,2025-07-06 00:02:31.055322+00:00,57.09916561666667,15-60 min,True,23,7,California,US
54527,Rancho Fire,2025-07-06 00:09:53.541210+00:00,35.532064,-120.620656,normal,54527.0,2025-07-06 01:17:22.286425+00:00,67.47908691666666,1-3 hours,True,0,7,California,US
54567,Sage Fire,2025-07-06 03:44:01.298824+00:00,33.93271272461085,-117.1846247940006,normal,54567.0,2025-07-06 04:01:22.549918+00:00,17.3541849,15-60 min,True,3,7,California,US
54652,Aubrey Fire,2025-07-06 21:01:04.489263+00:00,47.69506918497893,-117.50282726370584,normal,54652.0,2025-07-06 21:34:42.464307+00:00,33.632917400000004,15-60 min,True,21,7,Washington,US
54657,Flume Fire,2025-07-06 21:10:45.464735+00:00,36.16215113825452,-118.71038551726672,normal,54657.0,2025-07-07 00:05:34.723086+00:00,174.82097251666667,1-3 hours,True,21,7,California,US
54720,Bridge Fire,2025-07-07 00:58:44.047732+00:00,40.165815030715606,-123.61120372248747,normal,54720.0,2025-07-07 03:12:17.177467+00:00,133.55216225,1-3 hours,True,0,7,California,US
54730,Vegetation Fire,2025-07-07 01:36:16.609750+00:00,21.423863,-158.167137,normal,54730.0,2025-07-07 01:38:29.404424+00:00,2.2132445666666665,0-15 min,True,1,7,Hawaii,US
54746,Cyrus Fire,2025-07-07 03:20:32.916794+00:00,35.70242225739349,-118.41624441328726,normal,54746.0,2025-07-07 03:50:02.915709+00:00,29.499981916666666,15-60 min,True,3,7,California,US
54759,Bear Gulch Fire,2025-07-07 05:56:15.052449+00:00,47.495834,-123.302205,normal,54759.0,2025-07-07 21:45:37.214953+00:00,949.3693750666666,3+ hours,True,5,7,Washington,US
54833,Rancho Fire,2025-07-07 21:16:50.987803+00:00,33.53534210550639,-117.759874114766,normal,54833.0,2025-07-07 21:38:42.840661+00:00,21.8642143,15-60 min,True,21,7,California,US
54848,Buffalo Boat Launch Fire,2025-07-07 22:45:43.880272+00:00,48.0594,-118.9011,normal,54848.0,2025-07-08 00:08:35.850154+00:00,82.8661647,1-3 hours,True,22,7,Washington,US
54864,Gina Fire (487),2025-07-08 00:30:03.706312+00:00,43.866505,-121.480683,normal,54864.0,2025-07-08 00:43:38.930688+00:00,13.587072933333333,0-15 min,True,0,7,Oregon,US
54868,Wyeth Fire,2025-07-08 00:53:43.263472+00:00,45.68965043910202,-121.80438783686294,normal,54868.0,2025-07-08 01:23:29.452674+00:00,29.769820033333335,15-60 min,True,0,7,Washington,US
54887,UDC Fire,2025-07-08 03:02:53.649305+00:00,44.80293091611259,-121.28968138643371,normal,54887.0,2025-07-08 03:28:33.718990+00:00,25.667828083333333,15-60 min,True,3,7,Oregon,US
54893,Heppsie Mountain Fire,2025-07-08 04:01:37.530483+00:00,42.38603920552484,-122.498065670769,normal,54893.0,2025-07-08 06:13:54.100449+00:00,132.2761661,1-3 hours,True,4,7,Oregon,US
54907,Poole Fire,2025-07-08 07:04:40.571481+00:00,42.35197461069461,-122.4893197020432,normal,54907.0,2025-07-08 07:05:02.752032+00:00,0.36967585000000003,0-15 min,True,7,7,Oregon,US
54958,Elk Fire,2025-07-08 18:16:54.209973+00:00,42.32362554462034,-121.36177355328677,normal,54958.0,2025-07-08 18:45:05.224974+00:00,28.18358335,15-60 min,True,18,7,California,US
54982,Neil Creek Fire,2025-07-08 19:53:20.514141+00:00,42.131465,-122.634781,normal,54982.0,2025-07-08 21:05:32.799898+00:00,72.20476261666666,1-3 hours,True,19,7,Oregon,US
54992,Hope Fire,2025-07-08 20:41:00.317003+00:00,48.824036915955816,-117.9820644819167,normal,54992.0,2025-07-08 23:42:57.294453+00:00,181.94962416666667,3+ hours,True,20,7,Washington,US
55010,TJ Meenach Fire,2025-07-08 21:44:17.559130+00:00,47.675434511903575,-117.45711516510414,normal,55010.0,2025-07-08 23:06:56.282273+00:00,82.64538571666667,1-3 hours,True,21,7,Washington,US
55018,Cordell Fire,2025-07-08 22:52:46.979969+00:00,48.867365165597136,-119.41112665170914,normal,55018.0,2025-07-08 23:19:45.451160+00:00,26.97451985,15-60 min,True,22,7,Washington,US
55037,Toonerville Fire,2025-07-09 00:02:11.311664+00:00,47.498133,-122.9072,normal,55037.0,2025-07-09 02:12:25.222863+00:00,130.23185331666667,1-3 hours,True,0,7,Washington,US
55038,Oliver Fire,2025-07-09 00:05:06.964462+00:00,40.690269,-122.373982,normal,55038.0,2025-07-09 00:06:20.150203+00:00,1.2197623499999999,0-15 min,True,0,7,California,US
55062,Dry Creek Fire (500),2025-07-09 02:02:08.993596+00:00,44.204491,-120.725955,normal,55062.0,2025-07-09 02:11:30.235791+00:00,9.354036583333334,0-15 min,True,2,7,Oregon,US
55114,Hillcrest/Wixon Fire,2025-07-09 16:37:13.068161+00:00,46.65118760000001,-120.5345142,normal,55114.0,2025-07-09 16:40:04.812912+00:00,2.8624125166666667,0-15 min,True,16,7,Washington,US
55150,Western Pines Fire,2025-07-09 20:12:45.027757+00:00,47.7785,-118.1144,normal,55150.0,2025-07-09 21:25:27.520211+00:00,72.70820756666667,1-3 hours,True,20,7,Washington,US
55154,Long Point Fire,2025-07-09 20:39:22.813680+00:00,44.7925,-119.642833,normal,55154.0,2025-07-09 22:58:05.001723+00:00,138.70313405,1-3 hours,True,20,7,Oregon,US
55162,Turner Fire,2025-07-09 20:54:58.359155+00:00,44.874921,-122.969443,normal,55162.0,2025-07-09 21:47:08.011442+00:00,52.160871449999995,15-60 min,True,20,7,Oregon,US
55165,Steele Fire,2025-07-09 21:11:18.731626+00:00,32.73178711362189,-116.91987500918898,normal,55165.0,2025-07-09 21:45:10.676280+00:00,33.86574423333333,15-60 min,True,21,7,California,US
55167,Pickup Fire,2025-07-09 21:14:28.865084+00:00,37.24432179527122,-119.73124016264694,normal,55167.0,2025-07-09 21:26:23.809925+00:00,11.91574735,0-15 min,True,21,7,California,US
55170,Willow Fire (0523),2025-07-09 21:26:31.521111+00:00,43.81702354307632,-119.91991773138832,normal,55170.0,2025-07-09 22:32:59.426180+00:00,66.46508448333333,1-3 hours,True,21,7,Oregon,US
55180,Billy Fire,2025-07-09 21:45:24.309861+00:00,33.859667,-110.906,normal,55180.0,2025-08-05 01:34:32.011664+00:00,37669.12836338334,3+ hours,False,21,7,Arizona,US
55201,Goose Fire,2025-07-09 23:50:22.442636+00:00,33.020333,-108.382833,normal,55201.0,2025-07-15 14:59:29.834397+00:00,8109.123196016666,3+ hours,False,23,7,New Mexico,US
55231,White Sage Fire,2025-07-10 03:35:28.457609+00:00,36.795371,-112.379793,normal,55231.0,2025-07-10 23:58:03.701337+00:00,1222.5873954666667,3+ hours,False,3,7,Arizona,US
55269,Madera Fire,2025-07-10 16:45:09.018600+00:00,33.50104090394309,-117.01381457477832,normal,55269.0,2025-07-10 17:22:18.798766+00:00,37.163002766666665,15-60 min,True,16,7,California,US
55281,South Rim Fire,2025-07-10 18:11:00.280140+00:00,38.5581,-107.719167,normal,55281.0,2025-07-10 19:22:41.779399+00:00,71.69165431666667,1-3 hours,False,18,7,Colorado,US
55283,North Rim Fire,2025-07-10 18:22:43.757483+00:00,38.56825,-107.6473,normal,55283.0,2025-07-10 19:24:12.583880+00:00,61.48043995,1-3 hours,False,18,7,Colorado,US
55290,Mountain View Fire,2025-07-10 19:09:33.424093+00:00,38.95767421710824,-106.2132049475063,normal,55290.0,2025-07-10 19:10:29.542476+00:00,0.9353063833333334,0-15 min,False,19,7,Colorado,US
55297,Reche Fire,2025-07-10 19:58:11.435847+00:00,33.95872940128805,-117.18990340273828,normal,55297.0,2025-07-10 20:32:17.625461+00:00,34.103160233333334,15-60 min,True,19,7,California,US
55308,Deer Creek Fire,2025-07-10 20:53:04.291860+00:00,38.3548235539825,-109.1737879545916,normal,55308.0,2025-07-11 19:27:54.933133+00:00,1354.8440212166668,3+ hours,False,20,7,Utah,US
55314,Sowbelly Fire,2025-07-10 21:11:01.806585+00:00,38.665033,-108.389883,normal,55314.0,2025-07-11 03:46:28.116860+00:00,395.4385045833333,3+ hours,False,21,7,Colorado,US
55331,Turner Gulch Fire,2025-07-10 21:57:06.529193+00:00,38.754333,-108.875333,normal,55331.0,2025-07-12 20:48:31.520208+00:00,2811.4165169166668,3+ hours,False,21,7,Colorado,US
55336,Wright Draw Fire,2025-07-10 22:13:00.567913+00:00,38.7495,-108.915667,normal,55336.0,2025-07-12 20:48:08.009776+00:00,2795.1240310499998,3+ hours,False,22,7,Colorado,US
55366,Springs Fire,2025-07-11 01:26:43.230756+00:00,32.714377,-116.750166,normal,55366.0,2025-07-11 02:18:18.467239+00:00,51.58727471666667,15-60 min,True,1,7,California,US
55375,Park Fire,2025-07-11 03:48:40.330523+00:00,34.825387,-118.953667,normal,55375.0,2025-07-11 03:55:08.893216+00:00,6.4760448833333335,0-15 min,True,3,7,California,US
55477,Vegetation Fire,2025-07-12 02:42:50.362463+00:00,20.848458485047544,-156.4849342169187,normal,55477.0,2025-07-12 02:43:04.346712+00:00,0.23307081666666668,0-15 min,True,2,7,Hawaii,US
55531,Stardust Fire,2025-07-12 20:12:59.559855+00:00,38.88189993111382,-121.24899626687107,normal,55531.0,2025-07-12 20:50:25.103572+00:00,37.42572861666667,15-60 min,True,20,7,California,US
55553,Highland Fire (536),2025-07-12 23:01:41.753187+00:00,44.23726765470494,-120.81899395352352,normal,55553.0,2025-07-12 23:20:45.478941+00:00,19.0620959,15-60 min,True,23,7,Oregon,US
55573,Deer Fire,2025-07-13 00:53:07.589925+00:00,48.11506473576949,-117.5743698097348,normal,55573.0,2025-07-13 01:30:20.520040+00:00,37.21550191666667,15-60 min,True,0,7,Washington,US
55636,Airport Fire/Louviers Fire,2025-07-13 20:17:17.858725+00:00,39.48317444532776,-105.00475267570216,normal,55636.0,2025-07-13 21:58:37.659319+00:00,101.33000990000001,1-3 hours,False,20,7,Colorado,US
55637,Max Fire,2025-07-13 20:24:09.064460+00:00,36.966667,-119.221667,normal,55637.0,2025-07-14 00:09:46.483408+00:00,225.62364913333334,3+ hours,True,20,7,California,US
55641,Monroe Canyon Fire,2025-07-13 20:41:43.496225+00:00,38.561317,-112.080083,normal,55641.0,2025-07-13 22:19:02.340645+00:00,97.31407366666667,1-3 hours,False,20,7,Utah,US
55655,Clover Fire,2025-07-13 21:42:42.404979+00:00,48.573329,-116.393815,normal,55655.0,2025-07-14 00:07:16.870357+00:00,144.57442296666667,1-3 hours,True,21,7,Idaho,US
55658,Marcy Fire,2025-07-13 21:51:07.200246+00:00,38.88631516106335,-122.61997926840488,normal,55658.0,2025-07-13 22:22:44.294389+00:00,31.618235716666668,15-60 min,True,21,7,California,US
55692,Cram Fire (545),2025-07-14 00:43:37.900655+00:00,44.79655,-120.94205,normal,55692.0,2025-07-14 01:21:34.039573+00:00,37.93564863333334,15-60 min,True,0,7,Oregon,US
55694,Vegetation Fire,2025-07-14 00:49:28.722525+00:00,20.899174584303083,-156.49948251222384,normal,55694.0,2025-07-14 01:01:11.810486+00:00,11.718132683333332,0-15 min,True,0,7,Hawaii,US
55714,Ute 63 Fire,2025-07-14 02:23:39.398277+00:00,37.02525,-108.255465,normal,55714.0,2025-07-16 23:38:21.164111+00:00,4154.696097233334,3+ hours,False,2,7,New Mexico,US
55720,Bullard Fire,2025-07-14 04:02:50.051540+00:00,42.188883,-120.32205,normal,55720.0,2025-07-14 07:58:29.047144+00:00,235.64992673333333,3+ hours,True,4,7,Oregon,US
55797,Greenacres Fire,2025-07-14 22:41:29.670659+00:00,48.486318975376975,-119.52092490040472,normal,55797.0,2025-07-14 23:09:13.186261+00:00,27.72526003333333,15-60 min,True,22,7,Washington,US
55820,Vegetation Fire,2025-07-15 00:01:23.140967+00:00,38.068997,-122.185003,normal,55820.0,2025-07-15 00:14:37.186676+00:00,13.23409515,0-15 min,True,0,7,California,US
55858,Van Fire,2025-07-15 02:58:59.273670+00:00,39.63446417077688,-119.7797144454366,normal,55858.0,2025-07-15 03:21:42.062384+00:00,22.713145233333332,15-60 min,True,2,7,Nevada,US
55899,Boundary Fire,2025-07-15 18:30:57.211446+00:00,46.07908005764753,-120.2353090687011,normal,55899.0,2025-07-15 21:41:11.733555+00:00,190.24203515,3+ hours,True,18,7,Washington,US
55924,Belgian Fire,2025-07-15 21:49:08.378494+00:00,47.706505,-122.919888,normal,55924.0,2025-07-15 22:03:51.497261+00:00,14.718646116666667,0-15 min,True,21,7,Washington,US
55929,Fay Fire,2025-07-15 22:19:39.478257+00:00,35.729476386214714,-118.30405122355408,normal,55929.0,2025-07-15 23:33:48.499659+00:00,74.1503567,1-3 hours,True,22,7,California,US
55932,Ironwood Fire,2025-07-15 22:23:21.987846+00:00,39.761656363246885,-119.61996225818238,normal,55932.0,2025-07-15 22:49:58.825344+00:00,26.6139583,15-60 min,True,22,7,Nevada,US
55958,East Viola Fire,2025-07-16 00:25:20.528740+00:00,46.570147873663615,-120.46309681340092,normal,55958.0,2025-07-16 01:29:24.160838+00:00,64.06053496666667,1-3 hours,True,0,7,Washington,US
55989,S Turns Fire,2025-07-16 05:52:31.846326+00:00,48.3845,-119.4921,normal,55989.0,2025-07-16 05:55:22.426843+00:00,2.8430086166666664,0-15 min,True,5,7,Washington,US
55994,Creek Fire,2025-07-16 07:50:37.117911+00:00,39.76601,-122.196783,normal,55994.0,2025-07-16 09:39:06.884368+00:00,108.49610761666666,1-3 hours,True,7,7,California,US
56021,Haller Creek Fire,2025-07-16 18:47:40.103257+00:00,48.4810267921072,-117.92039424317768,normal,56021.0,2025-07-16 20:05:01.532039+00:00,77.35714636666667,1-3 hours,True,18,7,Washington,US
56026,Dale Fire,2025-07-16 19:43:56.735586+00:00,33.518164663134044,-116.7858763440277,normal,56026.0,2025-07-16 21:34:42.484957+00:00,110.76248951666666,1-3 hours,True,19,7,California,US
56028,Eastmont Fire,2025-07-16 19:47:37.384012+00:00,47.467200374000015,-120.2954304272632,normal,56028.0,2025-07-16 20:40:20.764589+00:00,52.723009616666666,15-60 min,True,19,7,Washington,US
56127,Anvil Fire,2025-07-17 20:03:30.378775+00:00,45.138512498925365,-121.85488843176856,normal,56127.0,2025-07-17 22:51:23.136865+00:00,167.8793015,1-3 hours,True,20,7,Oregon,US
56134,Cottonwood Flat Fire,2025-07-17 20:55:16.868245+00:00,39.4685,-107.985167,normal,56134.0,2025-07-17 21:16:11.920320+00:00,20.917534583333335,15-60 min,False,20,7,Colorado,US
56173,Board Shanty Fire,2025-07-18 00:26:54.417368+00:00,42.37198769433493,-123.29362138810644,normal,56173.0,2025-07-18 01:13:16.536375+00:00,46.368650116666664,15-60 min,True,0,7,Oregon,US
56264,Kinkade Fire,2025-07-18 21:33:54.498630+00:00,45.830533332392974,-119.7118500266608,normal,56264.0,2025-07-18 22:11:07.750542+00:00,37.220865200000006,15-60 min,True,21,7,Oregon,US
56265,Burdoin Fire,2025-07-18 21:39:38.472891+00:00,45.7024038639709,-121.4307504031833,normal,56265.0,2025-07-18 22:08:21.628958+00:00,28.719267783333333,15-60 min,True,21,7,Washington,US
56266,Coreless Fire,2025-07-18 21:43:30.587725+00:00,46.996455,-122.375913,normal,56266.0,2025-07-18 23:36:33.855820+00:00,113.05446825,1-3 hours,True,21,7,Washington,US
56331,Butte Creek Fire,2025-07-19 05:38:06.509466+00:00,44.984139,-121.480278,normal,56331.0,2025-07-19 19:29:32.007351+00:00,831.42496475,3+ hours,True,5,7,Oregon,US
56365,Pala Fire,2025-07-19 18:31:13.965675+00:00,33.342980495373155,-117.11461339137308,normal,56365.0,2025-07-19 18:59:08.097133+00:00,27.90219096666667,15-60 min,True,18,7,California,US
56379,Holdman Fire,2025-07-19 20:07:49.182295+00:00,45.850326,-118.674831,normal,56379.0,2025-07-19 20:12:34.345607+00:00,4.752721866666667,0-15 min,True,20,7,Oregon,US
56388,23rd Street Fire,2025-07-19 20:47:54.557850+00:00,45.679539,-118.8123029,normal,56388.0,2025-07-19 20:48:29.763045+00:00,0.58675325,0-15 min,True,20,7,Oregon,US
56393,Greeley Heights Fire,2025-07-19 21:19:57.359854+00:00,44.7565,-121.241556,normal,56393.0,2025-07-19 21:20:16.097345+00:00,0.31229151666666666,0-15 min,True,21,7,Oregon,US
56410,Lake Spokane Fire,2025-07-19 22:35:55.966530+00:00,47.84273393027877,-117.74152701286472,normal,56410.0,2025-07-19 23:09:18.019686+00:00,33.367552599999996,15-60 min,True,22,7,Washington,US
56483,Trap Fire,2025-07-20 19:20:13.692900+00:00,37.51364929808521,-120.0125966687261,normal,56483.0,2025-07-20 19:46:27.877866+00:00,26.2364161,15-60 min,True,19,7,California,US
56623,PA Butte Fire,2025-07-21 23:56:43.272118+00:00,44.228667,-105.385833,normal,56623.0,2025-07-22 00:07:11.523301+00:00,10.470853049999999,0-15 min,False,23,7,Wyoming,US
56709,Rick Springs Fire,2025-07-22 22:45:17.983059+00:00,41.850351066410894,-111.58439192702048,normal,56709.0,2025-07-23 03:37:11.113281+00:00,291.8855037,3+ hours,False,22,7,Utah,US
56787,Snyder Canyon Fire,2025-07-23 21:21:32.549139+00:00,45.84699589119828,-121.21648103516986,normal,56787.0,2025-07-23 21:46:25.201077+00:00,24.8775323,15-60 min,True,21,7,Oregon,US
56797,Mitchell Fire,2025-07-23 22:30:18.612548+00:00,33.562762535774084,-116.69656068428228,normal,56797.0,2025-07-23 23:33:20.318286+00:00,63.02842896666667,1-3 hours,True,22,7,California,US
56802,Oak Flat Fire,2025-07-23 22:59:32.770252+00:00,45.8383774361393,-120.61523735633232,normal,56802.0,2025-07-23 23:19:39.876701+00:00,20.11844081666667,15-60 min,True,22,7,Washington,US
56859,Posta Fire,2025-07-24 19:03:53.870436+00:00,32.67843568917709,-116.43632288670504,normal,56859.0,2025-07-24 20:01:08.144375+00:00,57.23789898333334,15-60 min,True,19,7,California,US
56869,Lost Horse/Observation Point Fire,2025-07-24 20:18:24.849499+00:00,46.10515023834219,-114.2472078590716,normal,56869.0,2025-07-24 20:58:15.948056+00:00,39.851642616666666,15-60 min,False,20,7,Montana,US
56966,Pearl Fire,2025-07-25 18:41:44.119953+00:00,35.618248,-118.488121,normal,56966.0,2025-07-25 19:33:29.203176+00:00,51.75138705,15-60 min,True,18,7,California,US
57002,Arden/Foster Canyon Fire,2025-07-25 21:04:12.522236+00:00,48.484505,-117.820752,normal,57002.0,2025-07-25 21:36:20.260337+00:00,32.12896835,15-60 min,True,21,7,Washington,US
57007,Mammoth Fire,2025-07-25 21:30:14.082779+00:00,41.71158492799569,-121.34198190904723,normal,57007.0,2025-07-26 04:41:57.197633+00:00,431.7185809,3+ hours,True,21,7,California,US
57015,Shady Fire,2025-07-25 22:07:04.608957+00:00,33.65282346811763,-116.17613095057632,normal,57015.0,2025-07-25 23:02:37.490608+00:00,55.54802751666667,15-60 min,True,22,7,California,US
57025,Harting Grade Fire,2025-07-25 23:26:59.539949+00:00,46.28769109239397,-117.95954774744452,normal,57025.0,2025-07-26 02:00:00.394765+00:00,153.0142469333333,1-3 hours,True,23,7,Washington,US
57028,Green Fire,2025-07-25 23:36:00.069499+00:00,33.882662,-117.641266,normal,57028.0,2025-07-26 01:05:09.783176+00:00,89.16189461666666,1-3 hours,True,23,7,California,US
57101,Boneyard Fire,2025-07-26 20:20:56.180149+00:00,37.772590609894266,-120.21363320671357,normal,57101.0,2025-07-26 21:33:27.741249+00:00,72.52601833333333,1-3 hours,True,20,7,California,US
57116,Rim Road Fire,2025-07-26 21:22:23.393083+00:00,37.077967,-107.763667,normal,57116.0,2025-07-26 22:03:04.209279+00:00,40.680269933333335,15-60 min,False,21,7,Colorado,US
57147,Elkhorn Fire,2025-07-26 23:24:30.486543+00:00,37.465523,-107.76796,normal,57147.0,2025-07-26 23:56:34.471184+00:00,32.06641068333333,15-60 min,False,23,7,Colorado,US
57159,Center Fire,2025-07-27 00:23:43.741406+00:00,39.830992,-121.627461,normal,57159.0,2025-07-27 01:22:05.514462+00:00,58.36288426666667,15-60 min,True,0,7,California,US
57235,Bowl Canyon Fire,2025-07-27 20:42:45.971221+00:00,36.00352199478692,-108.94968371475896,normal,57235.0,2025-07-28 17:18:03.679123+00:00,1235.2951317,3+ hours,False,20,7,New Mexico,US
57252,Hamma Fire,2025-07-27 21:47:06.296165+00:00,47.57258,-123.081938,normal,57252.0,2025-07-30 15:26:24.044257+00:00,3939.2958015333334,3+ hours,True,21,7,Washington,US
57256,Medicine Fire,2025-07-27 22:27:08.814112+00:00,39.83156997288802,-123.2741932138361,normal,57256.0,2025-07-27 23:30:05.562997+00:00,62.94581475,1-3 hours,True,22,7,California,US
57279,Oak Fire,2025-07-28 00:54:06.103386+00:00,40.426188,-123.225229,normal,57279.0,2025-07-28 02:23:13.625060+00:00,89.12536123333332,1-3 hours,True,0,7,California,US
57282,Johnson Fire,2025-07-28 01:26:51.934314+00:00,41.573887,-122.304601,normal,57282.0,2025-07-28 01:38:21.186793+00:00,11.487541316666666,0-15 min,True,1,7,California,US
57385,Stoner Mesa Fire,2025-07-28 22:11:08.634738+00:00,37.68142002028343,-108.2065529498725,normal,57385.0,2025-08-05 22:54:31.252506+00:00,11563.3769628,3+ hours,False,22,7,Colorado,US
57530,Scenic Fire,2025-07-29 21:57:09.055198+00:00,46.03526628610291,-118.1905474691086,normal,57530.0,2025-07-29 22:05:29.495242+00:00,8.3406674,0-15 min,True,21,7,Washington,US
57560,Doughty Fire,2025-07-29 23:40:41.024822+00:00,45.74946723256125,-120.39709019999933,normal,57560.0,2025-07-29 23:41:57.052880+00:00,1.2671343,0-15 min,True,23,7,Oregon,US
57617,Rock Creek Fire,2025-07-30 03:03:14.071229+00:00,42.855666957111794,-117.32877335343252,normal,57617.0,2025-07-31 04:59:38.903750+00:00,1556.4138753500001,3+ hours,True,3,7,Idaho,US
57707,Shawn Fire,2025-07-30 20:13:10.803166+00:00,40.44995562396218,-122.3928426901407,normal,57707.0,2025-07-30 20:23:10.948303+00:00,10.00241895,0-15 min,True,20,7,California,US
57757,Kaiser Canyon Fire,2025-07-30 23:47:44.863194+00:00,48.11377,-118.98065,normal,57757.0,2025-07-31 00:08:55.027388+00:00,21.169403233333334,15-60 min,True,23,7,Washington,US
57768,Soda Fire,2025-07-31 00:25:37.206292+00:00,41.189,-122.262833,normal,57768.0,2025-07-31 02:27:47.820264+00:00,122.17689953333334,1-3 hours,True,0,7,California,US
57826,Big Cliff Fire,2025-07-31 03:52:23.740472+00:00,41.307667,-123.018967,normal,57826.0,2025-08-01 00:15:41.459892+00:00,1223.2953236666665,3+ hours,True,3,7,California,US
57973,Stud Horse Fire,2025-07-31 22:38:31.555075+00:00,48.46810736282097,-120.1460004261192,normal,57973.0,2025-07-31 23:01:59.420695+00:00,23.464427,15-60 min,True,22,7,Washington,US
57974,Eden Fire,2025-07-31 22:47:26.046216+00:00,48.89395105117279,-119.2186766249103,normal,57974.0,2025-07-31 22:49:26.451591+00:00,2.00675625,0-15 min,True,22,7,Washington,US
57986,1-4 Fire,2025-07-31 23:20:00.828355+00:00,40.44309095215212,-120.66501986283248,normal,57986.0,2025-08-01 00:21:41.999139+00:00,61.68617973333333,1-3 hours,True,23,7,California,US
58002,Range Fire,2025-07-31 23:54:28.150353+00:00,43.292343,-116.104349,normal,58002.0,2025-08-01 02:06:24.109307+00:00,131.93264923333334,1-3 hours,True,23,7,Idaho,US
58114,Island Creek Fire,2025-08-01 16:21:44.114264+00:00,46.035496,-115.437556,normal,58114.0,2025-08-23 18:18:36.263968+00:00,31796.86916173333,3+ hours,True,16,8,Idaho,US
58150,Cross Canyon Fire,2025-08-01 19:12:33.172789+00:00,37.594833,-108.925667,normal,58150.0,2025-08-01 20:37:50.039199+00:00,85.28110683333333,1-3 hours,False,19,8,Colorado,US
58157,Middle Mesa Fire,2025-08-01 19:33:37.567943+00:00,36.96879876984583,-107.32786597214314,normal,58157.0,2025-08-04 17:00:28.462428+00:00,4166.8482414166665,3+ hours,False,19,8,New Mexico,US
58187,Gifford Fire,2025-08-01 21:05:28.404031+00:00,35.10199953672573,-120.11001949716258,normal,58187.0,2025-08-01 23:25:02.957678+00:00,139.5758941166667,1-3 hours,True,21,8,California,US
58205,Bernardo Fire,2025-08-01 21:40:03.247780+00:00,33.01007464880763,-117.0976155738214,normal,58205.0,2025-08-01 22:29:40.489895+00:00,49.62070191666667,15-60 min,True,21,8,California,US
58214,Kirkland Fire,2025-08-01 22:30:03.383227+00:00,34.44669595290301,-112.90054403877276,normal,58214.0,2025-08-02 15:52:16.862675+00:00,1042.2246574666667,3+ hours,False,22,8,Arizona,US
58221,Webfoot Fire,2025-08-01 22:45:58.165072+00:00,45.209567,-123.084542,normal,58221.0,2025-08-01 23:04:47.925564+00:00,18.829341533333334,15-60 min,True,22,8,Oregon,US
58374,Elk RBX Fire,2025-08-02 19:04:16.173167+00:00,39.959444,-107.745278,normal,58374.0,2025-08-03 23:28:54.980988+00:00,1704.6467970166666,3+ hours,False,19,8,Colorado,US
58438,Bench Creek Fire,2025-08-02 22:35:48.124830+00:00,48.599833,-119.14525,normal,58438.0,2025-08-02 22:37:16.246351+00:00,1.4686920166666666,0-15 min,True,22,8,Washington,US
58471,Lee Fire,2025-08-03 00:06:12.148213+00:00,39.93385,-108.23401,normal,58471.0,2025-08-04 16:47:00.222961+00:00,2440.8012458000003,3+ hours,False,0,8,Colorado,US
58494,Peavine Fire,2025-08-03 01:13:43.171911+00:00,39.63928080299601,-119.9523860920084,normal,58494.0,2025-08-03 01:42:39.575296+00:00,28.940056416666668,15-60 min,True,1,8,Nevada,US
58562,Coulter Creek Fire,2025-08-03 18:01:34.038556+00:00,39.46391020760333,-107.14619135917128,normal,58562.0,2025-08-03 18:23:11.393460+00:00,21.622581733333334,15-60 min,False,18,8,Colorado,US
58619,Lake Fire,2025-08-03 21:23:46.149283+00:00,38.97928395874874,-122.6534325256184,normal,58619.0,2025-08-03 22:00:05.704196+00:00,36.325915216666665,15-60 min,True,21,8,California,US
58641,Brooks Tract Fire,2025-08-03 22:23:27.938959+00:00,48.4027078884142,-119.4934945385062,normal,58641.0,2025-08-03 22:30:51.495905+00:00,7.392615766666666,0-15 min,True,22,8,Washington,US
58643,Leroux Fire,2025-08-03 22:29:48.363046+00:00,38.87827532947392,-107.77062307932547,normal,58643.0,2025-08-04 08:38:32.940376+00:00,608.7429555,3+ hours,False,22,8,Colorado,US
58695,Vegetation Fire,2025-08-04 01:53:20.019983+00:00,21.063481,-156.840368,normal,58695.0,2025-08-04 01:54:19.150384+00:00,0.9855066833333334,0-15 min,True,1,8,Hawaii,US
58719,Salmon Creek Fire,2025-08-04 04:57:20.468033+00:00,48.375431136998,-119.59209217036212,normal,58719.0,2025-08-04 05:16:02.434279+00:00,18.699437433333333,15-60 min,True,4,8,Washington,US
58746,Gold Fire,2025-08-04 16:14:47.828231+00:00,34.31884308617569,-116.90648195295276,normal,58746.0,2025-08-05 15:49:22.995479+00:00,1414.5861208,3+ hours,True,16,8,California,US
58778,Rosa Fire,2025-08-04 19:35:33.273500+00:00,33.565879759188235,-116.53373765312216,normal,58778.0,2025-08-04 22:16:36.697985+00:00,161.05707475,1-3 hours,True,19,8,California,US
58784,Sharp Canyon Fire,2025-08-04 19:58:51.179908+00:00,37.7158,-108.791117,normal,58784.0,2025-08-04 20:16:54.675719+00:00,18.058263516666667,15-60 min,False,19,8,Colorado,US
58808,Vegetation Fire,2025-08-04 21:51:46.825083+00:00,20.94052378726332,-156.68664077413013,normal,58808.0,2025-08-04 22:01:40.082457+00:00,9.8876229,0-15 min,True,21,8,Hawaii,US
58826,Long Fire,2025-08-04 22:47:30.577989+00:00,38.47011932093821,-122.35744726394265,normal,58826.0,2025-08-04 23:17:46.275979+00:00,30.261633166666666,15-60 min,True,22,8,California,US
58952,Eagle Creek Fire,2025-08-05 21:35:03.419941+00:00,45.352685,-122.348251,normal,58952.0,2025-08-05 21:45:10.912965+00:00,10.124883733333332,0-15 min,True,21,8,Oregon,US
58957,Highway 24 Fire,2025-08-05 21:53:37.042292+00:00,39.156063,-106.322327,normal,58957.0,2025-08-05 22:13:57.006159+00:00,20.332731116666665,15-60 min,False,21,8,Colorado,US
59054,Windy Gap Fire,2025-08-06 19:17:56.569637+00:00,40.109867,-105.989917,normal,59054.0,2025-08-06 21:32:04.124780+00:00,134.12591905,1-3 hours,False,19,8,Colorado,US
59077,Silver Fire,2025-08-06 21:33:53.532950+00:00,47.9261011223233,-119.02781191987056,normal,59077.0,2025-08-06 22:17:56.592557+00:00,44.05099345,15-60 min,True,21,8,Washington,US
59095,Pond Fire,2025-08-06 22:45:54.487665+00:00,39.73317146978886,-123.51148025431104,normal,59095.0,2025-08-06 23:14:38.676638+00:00,28.736482883333334,15-60 min,True,22,8,California,US
59138,West Fire,2025-08-07 08:33:17.659614+00:00,34.82179662130291,-118.96806399468905,normal,59138.0,2025-08-07 08:52:46.845329+00:00,19.486428583333335,15-60 min,True,8,8,California,US
59148,Beulah Fire,2025-08-07 16:59:36.013663+00:00,40.809933,-110.702833,normal,59148.0,2025-08-07 20:39:27.138927+00:00,219.85208773333335,3+ hours,False,16,8,Wyoming,US
59170,Canyon Fire,2025-08-07 20:33:29.534991+00:00,34.44104779996732,-118.73451110752823,normal,59170.0,2025-08-07 21:04:33.547743+00:00,31.066879200000002,15-60 min,True,20,8,California,US
59196,Aubrey Mountain Fire,2025-08-07 22:55:12.828750+00:00,43.72938114721693,-122.43005065483035,normal,59196.0,2025-08-07 23:08:00.594547+00:00,12.796096616666667,0-15 min,True,22,8,Oregon,US
59213,Real Fire,2025-08-08 00:07:07.994393+00:00,34.01556327316352,-117.45525289099822,normal,59213.0,2025-08-08 01:24:38.333664+00:00,77.50565451666667,1-3 hours,True,0,8,California,US
59219,Steele Road Fire,2025-08-08 00:46:40.666616+00:00,45.560401,-121.13955,normal,59219.0,2025-08-08 00:52:40.689202+00:00,6.000376433333333,0-15 min,True,0,8,Oregon,US
59222,Slaughterhouse Fire,2025-08-08 00:49:32.051337+00:00,20.05011419606977,-155.3824280869914,normal,59222.0,2025-08-09 01:12:57.537796+00:00,1463.4247743166668,3+ hours,True,0,8,Hawaii,US
59277,Roadrunner Fire,2025-08-08 18:31:58.242474+00:00,32.68674885350956,-116.2840171574274,normal,59277.0,2025-08-08 19:13:58.544680+00:00,42.00503676666666,15-60 min,True,18,8,California,US
59287,Peninsula Fire,2025-08-08 19:25:08.975003+00:00,37.97826,-108.102225,normal,59287.0,2025-08-08 20:31:59.912920+00:00,66.84896528333334,1-3 hours,False,19,8,Colorado,US
59291,Tiger Fire,2025-08-08 19:49:18.437258+00:00,38.42940204729607,-120.517970681782,normal,59291.0,2025-08-08 20:46:20.017440+00:00,57.02633636666667,15-60 min,True,19,8,California,US
59319,172 Fire,2025-08-08 22:05:15.712077+00:00,37.169368,-107.700196,normal,59319.0,2025-08-08 22:06:48.470465+00:00,1.5459731333333333,0-15 min,False,22,8,Colorado,US
59335,F Road Fire,2025-08-08 23:11:50.799198+00:00,38.725377,-108.044752,normal,59335.0,2025-08-08 23:12:41.680088+00:00,0.8480148333333334,0-15 min,False,23,8,Colorado,US
59416,Chevy Fire,2025-08-09 19:46:57.780859+00:00,44.606688,-121.136571,normal,59416.0,2025-08-09 20:18:36.389248+00:00,31.64347315,15-60 min,True,19,8,Oregon,US
59432,Arden Fire,2025-08-09 21:12:30.048601+00:00,39.100373,-122.806011,normal,59432.0,2025-08-09 21:38:41.629422+00:00,26.193013683333334,15-60 min,True,21,8,California,US
59522,Oak Fire,2025-08-10 19:41:06.463822+00:00,37.247129772591634,-107.15643278558557,normal,59522.0,2025-08-10 20:41:30.548595+00:00,60.401412883333336,1-3 hours,False,19,8,Colorado,US
59526,Thirteen Fire,2025-08-10 20:08:47.995262+00:00,40.52837182488665,-107.53762954623996,normal,59526.0,2025-08-10 20:23:46.299817+00:00,14.971742583333334,0-15 min,False,20,8,Colorado,US
59549,Ponderosa Fire,2025-08-10 22:14:17.460325+00:00,39.385533,-121.296157,normal,59549.0,2025-08-10 23:26:06.535785+00:00,71.81792433333334,1-3 hours,True,22,8,California,US
59627,Two Rivers Fire,2025-08-11 16:37:25.568768+00:00,47.83581355918346,-120.78130081283904,normal,59627.0,2025-08-11 16:45:51.968805+00:00,8.440000616666667,0-15 min,True,16,8,Washington,US
59662,Cole Fire,2025-08-11 21:22:37.036038+00:00,38.91802316630418,-122.80412325834764,normal,59662.0,2025-08-11 21:50:59.308987+00:00,28.371215816666666,15-60 min,True,21,8,California,US
59663,Willow Creek Fire,2025-08-11 21:38:11.153606+00:00,44.03417397002423,-123.17844968120346,normal,59663.0,2025-08-11 21:48:19.301850+00:00,10.135804066666667,0-15 min,True,21,8,Oregon,US
59670,Lamb Fire,2025-08-11 22:08:34.613157+00:00,46.700857,-116.789092,normal,59670.0,2025-08-11 23:31:34.972671+00:00,83.0059919,1-3 hours,True,22,8,Idaho,US
59671,Fort George Fire,2025-08-11 22:09:07.685427+00:00,47.689088,-117.474594,normal,59671.0,2025-08-11 23:33:40.042839+00:00,84.53929020000001,1-3 hours,True,22,8,Washington,US
59676,Crosho Fire,2025-08-11 22:39:32.222885+00:00,40.17557099769138,-107.05250307881788,normal,59676.0,2025-08-12 01:45:42.110083+00:00,186.16478663333334,3+ hours,False,22,8,Colorado,US
59690,Utah Fire,2025-08-12 00:36:38.104561+00:00,37.57434182810526,-120.12856158895325,normal,59690.0,2025-08-12 01:17:07.171807+00:00,40.4844541,15-60 min,True,0,8,California,US
59699,Cuatro Fire,2025-08-12 01:08:07.925194+00:00,46.838917,-116.96475,normal,59699.0,2025-08-12 02:10:45.314613+00:00,62.62315698333334,1-3 hours,True,1,8,Idaho,US
59775,Robie Fire,2025-08-12 22:51:21.382755+00:00,43.638544,-116.012945,normal,59775.0,2025-08-12 23:42:28.121500+00:00,51.11231241666667,15-60 min,True,22,8,Idaho,US
59823,Rock Fire,2025-08-13 06:32:12.785107+00:00,44.666917,-116.157917,normal,59823.0,2025-08-13 18:23:46.335158+00:00,711.5591675166667,3+ hours,True,6,8,Idaho,US
59864,Silver Spur Fire,2025-08-13 18:17:17.615200+00:00,48.153213,-119.714378,normal,59864.0,2025-08-13 18:33:58.394678+00:00,16.679657966666667,15-60 min,True,18,8,Washington,US
59886,Woods Fire,2025-08-13 19:38:20.081541+00:00,34.779,-111.724,normal,59886.0,2025-08-13 22:30:54.272617+00:00,172.56985126666666,1-3 hours,False,19,8,Arizona,US
59889,Central Ferry Fire,2025-08-13 19:41:13.560152+00:00,46.6930365429844,-117.78656651104804,normal,59889.0,2025-08-13 21:03:13.185105+00:00,81.99374921666666,1-3 hours,True,19,8,Washington,US
59894,Pine Fire (826),2025-08-13 20:03:56.241319+00:00,44.09135,-120.4038,normal,59894.0,2025-08-13 23:14:22.251372+00:00,190.43350088333332,3+ hours,True,20,8,Oregon,US
59898,Willard Peak Fire,2025-08-13 20:20:41.575456+00:00,41.327337337415145,-111.94356423893606,normal,59898.0,2025-08-13 22:24:13.421580+00:00,123.53076873333333,1-3 hours,False,20,8,Utah,US
59905,Washington Fire,2025-08-13 20:43:07.705908+00:00,34.431665,-111.284587,normal,59905.0,2025-08-13 23:28:47.331863+00:00,165.66043258333332,1-3 hours,False,20,8,Arizona,US
59931,Horn Fire,2025-08-13 21:57:57.205601+00:00,44.775783,-111.490633,normal,59931.0,2025-08-14 01:04:47.497465+00:00,186.83819773333335,3+ hours,False,21,8,Montana,US
59940,138th Fire,2025-08-13 22:37:24.028102+00:00,46.887701,-122.734868,normal,59940.0,2025-08-13 23:29:37.192406+00:00,52.21940506666667,15-60 min,True,22,8,Washington,US
59949,Sunset Fire,2025-08-13 23:19:28.215913+00:00,48.023567362338525,-116.587283795176,normal,59949.0,2025-08-13 23:26:25.516856+00:00,6.955015716666667,0-15 min,True,23,8,Idaho,US
59952,Crescent Road Fire,2025-08-13 23:26:40.228024+00:00,47.803704232161465,-117.83310181963375,normal,59952.0,2025-08-14 00:07:08.817573+00:00,40.47649248333333,15-60 min,True,23,8,Washington,US
59981,Bivens Creek Fire,2025-08-14 01:23:07.855652+00:00,45.4575,-111.9825,normal,59981.0,2025-08-23 17:58:59.611042+00:00,13955.862589833332,3+ hours,False,1,8,Montana,US
59987,Red Canyon Fire,2025-08-14 01:41:31.277412+00:00,43.62105,-107.927833,normal,59987.0,2025-08-16 23:30:15.863626+00:00,4188.743103566667,3+ hours,False,1,8,Wyoming,US
60009,Vegetation Fire,2025-08-14 07:20:54.736169+00:00,20.8679123,-156.4920007,normal,60009.0,2025-08-14 07:21:29.696335+00:00,0.5826694333333333,0-15 min,True,7,8,Hawaii,US
60011,King Fire,2025-08-14 08:12:54.351511+00:00,34.723458078943565,-118.79499607527636,normal,60011.0,2025-08-14 08:56:48.202854+00:00,43.89752238333333,15-60 min,True,8,8,California,US
60086,Cloudrest Fire,2025-08-14 21:51:49.370238+00:00,45.54614602759435,-112.03827870665556,normal,60086.0,2025-08-23 01:02:13.751567+00:00,11710.406355483334,3+ hours,False,21,8,Montana,US
60088,Hawk Fire,2025-08-14 22:10:54.056541+00:00,34.53010778474534,-118.22869364059466,normal,60088.0,2025-08-14 23:26:53.665921+00:00,75.99348966666666,1-3 hours,True,22,8,California,US
60098,Heather Fire,2025-08-14 23:05:10.936671+00:00,41.93801600089893,-122.40621838528963,normal,60098.0,2025-08-14 23:33:15.899649+00:00,28.0827163,15-60 min,True,23,8,California,US
60106,Rancho Fire,2025-08-14 23:27:36.580996+00:00,39.837052,-119.926983,normal,60106.0,2025-08-15 00:19:20.584123+00:00,51.73338545,15-60 min,True,23,8,Nevada,US
60127,Sorenson Fire,2025-08-15 00:50:27.809631+00:00,46.80246059812956,-122.47799942035353,normal,60127.0,2025-08-15 01:48:31.021678+00:00,58.05353411666667,15-60 min,True,0,8,Washington,US
60133,Windy Rock Fire,2025-08-15 01:13:44.844398+00:00,46.712314602756095,-112.84073199358218,normal,60133.0,2025-08-23 01:50:21.578352+00:00,11556.612232566667,3+ hours,False,1,8,Montana,US
60187,Sand Creek Fire,2025-08-15 17:49:04.871567+00:00,44.095333,-111.609,normal,60187.0,2025-08-15 20:03:56.426454+00:00,134.85924811666666,1-3 hours,False,17,8,Idaho,US
60209,Blue Ridge Fire,2025-08-15 20:13:14.382148+00:00,37.331217,-107.572183,normal,60209.0,2025-08-15 20:39:07.410166+00:00,25.8838003,15-60 min,False,20,8,Colorado,US
60270,Cottonwood Peak Fire,2025-08-16 02:25:08.352777+00:00,41.389933,-116.209267,normal,60270.0,2025-08-19 04:39:45.262066+00:00,4454.615154816666,3+ hours,True,2,8,Nevada,US
60339,McAllister Fire,2025-08-16 22:05:07.373731+00:00,45.49177270930838,-111.69998995601053,normal,60339.0,2025-08-16 23:50:04.714459+00:00,104.9556788,1-3 hours,False,22,8,Montana,US
60409,Derby Fire,2025-08-17 19:43:12.031143+00:00,39.849463,-107.091173,normal,60409.0,2025-08-19 02:02:07.152015+00:00,1818.9186812,3+ hours,False,19,8,Colorado,US
60418,Hadley Fire,2025-08-17 21:10:12.965488+00:00,37.215169,-119.567545,normal,60418.0,2025-08-17 21:17:21.434724+00:00,7.141153933333333,0-15 min,True,21,8,California,US
60423,Knowles Fire,2025-08-17 21:36:54.290058+00:00,47.34727251597244,-114.71278517643525,normal,60423.0,2025-08-20 15:42:34.421159+00:00,3965.6688516833333,3+ hours,False,21,8,Montana,US
60543,77/Little Creek Fire,2025-08-18 21:39:04.977213+00:00,47.20143874359414,-121.07320994005406,normal,60543.0,2025-08-19 01:22:37.986562+00:00,223.55015581666666,3+ hours,True,21,8,Washington,US
60544,Vegetation Fire,2025-08-18 21:42:43.839573+00:00,43.73419070000001,-116.3353419,normal,60544.0,2025-08-18 23:43:54.470550+00:00,121.17718295,1-3 hours,True,21,8,Idaho,US
60546,Sun Country Fire,2025-08-18 21:56:49.035754+00:00,47.18789706850095,-120.98181369633063,normal,60546.0,2025-08-19 19:20:09.114120+00:00,1283.3346394333335,3+ hours,True,21,8,Washington,US
60589,Rooster Fire,2025-08-19 01:49:52.195125+00:00,41.89828907476951,-122.5135626841334,normal,60589.0,2025-08-19 02:00:31.942172+00:00,10.662450783333332,0-15 min,True,1,8,California,US
60625,Sheep Spring Fire,2025-08-19 18:03:16.105169+00:00,34.3045,-110.793833,normal,60625.0,2025-08-20 19:29:42.173605+00:00,1526.4344739333333,3+ hours,False,18,8,Arizona,US
60664,Kunia Road Fire,2025-08-19 22:18:00.889580+00:00,21.450763,-158.060584,normal,60664.0,2025-08-20 00:58:12.922925+00:00,160.20055575,1-3 hours,True,22,8,Hawaii,US
60704,Vegetation Fire,2025-08-20 03:12:11.837135+00:00,21.159852,-157.072933,normal,60704.0,2025-08-20 03:14:43.164127+00:00,2.522116533333333,0-15 min,True,3,8,Hawaii,US
60779,Coyote Fire,2025-08-20 21:21:05.558688+00:00,38.53440734518611,-120.63903042522006,normal,60779.0,2025-08-20 23:22:05.519796+00:00,120.99935180000001,1-3 hours,True,21,8,California,US
60792,Beacon Fire,2025-08-20 22:32:52.490328+00:00,33.50387128850679,-117.7003112867775,normal,60792.0,2025-08-20 23:27:39.240171+00:00,54.77916405,15-60 min,True,22,8,California,US
60818,Scharen Rd Fire,2025-08-21 00:00:06.455368+00:00,43.98376875471243,-123.03555860915388,normal,60818.0,2025-08-21 00:20:58.606382+00:00,20.869183566666667,15-60 min,True,0,8,Oregon,US
60898,Dollar Lake Fire,2025-08-21 20:41:36.055204+00:00,43.32806,-110.006,normal,60898.0,2025-08-21 21:21:59.452224+00:00,40.38995033333333,15-60 min,False,20,8,Wyoming,US
60900,Hendrickson Fire,2025-08-21 20:48:41.865723+00:00,46.02683557739394,-122.8604846091429,normal,60900.0,2025-08-21 21:08:11.104511+00:00,19.487313133333334,15-60 min,True,20,8,Washington,US
60907,Lone Pine Fire,2025-08-21 21:24:36.927127+00:00,40.796539,-105.631284,normal,60907.0,2025-08-21 21:49:17.654384+00:00,24.678787616666668,15-60 min,False,21,8,Colorado,US
60914,Pickett Fire,2025-08-21 22:11:39.711289+00:00,38.600102,-122.551954,normal,60914.0,2025-08-21 23:05:45.612568+00:00,54.098354650000005,15-60 min,True,22,8,California,US
60935,Bay Ave Fire,2025-08-21 23:56:02.858766+00:00,46.492082,-124.055633,normal,60935.0,2025-08-22 00:29:08.548248+00:00,33.0948247,15-60 min,True,23,8,Washington,US
60936,Flat Fire (0863),2025-08-21 23:56:42.729989+00:00,44.51292585203072,-121.35469796256528,normal,60936.0,2025-08-22 00:40:01.745909+00:00,43.316931999999994,15-60 min,True,23,8,Oregon,US
61005,Willow Creek Fire,2025-08-22 17:35:48.359817+00:00,42.55215693455583,-110.95793314822964,normal,61005.0,2025-08-23 12:42:30.133371+00:00,1146.6962259,3+ hours,False,17,8,Wyoming,US
61069,Little Fire,2025-08-22 22:17:47.498121+00:00,35.56564427878203,-118.58667969824528,normal,61069.0,2025-08-23 20:58:03.159665+00:00,1360.2610257333333,3+ hours,True,22,8,California,US
61231,Elk Fire,2025-08-23 22:15:58.413611+00:00,37.996946,-120.38542,normal,61231.0,2025-08-23 22:54:37.056426+00:00,38.64404691666667,15-60 min,True,22,8,California,US
61275,Point Fire,2025-08-24 00:52:50.737053+00:00,40.38869735088559,-122.40937209044424,normal,61275.0,2025-08-24 01:14:47.695401+00:00,21.949305799999998,15-60 min,True,0,8,California,US
61277,Echo Creek Ranch Fire,2025-08-24 00:59:51.598166+00:00,41.045101,-111.308998,normal,61277.0,2025-08-24 01:15:16.584364+00:00,15.416436633333332,15-60 min,False,0,8,Utah,US
61327,Garnet Fire,2025-08-24 16:58:54.435706+00:00,36.86524960524497,-119.03781569312684,normal,61327.0,2025-08-25 02:31:38.546344+00:00,572.7351772999999,3+ hours,True,16,8,California,US
61386,Sky Fire,2025-08-24 21:59:45.479601+00:00,38.89980102166811,-122.52699420258722,normal,61386.0,2025-08-24 22:32:34.838795+00:00,32.822653233333334,15-60 min,True,21,8,California,US
61446,High/Branch 2 Fire,2025-08-25 01:12:54.113890+00:00,36.94846693439982,-119.345969093873,normal,61446.0,2025-08-25 02:56:57.868747+00:00,104.06258095,1-3 hours,True,1,8,California,US
61458,Branch 2 Fire,2025-08-25 01:51:54.009906+00:00,36.96119391678359,-119.35087378293878,normal,61458.0,2025-08-25 03:12:59.117832+00:00,81.0851321,1-3 hours,True,1,8,California,US
61504,McDonald Fire,2025-08-25 15:51:35.146127+00:00,42.05637219002787,-122.769967,normal,61504.0,2025-08-26 00:42:24.396026+00:00,530.82083165,3+ hours,True,15,8,Oregon,US
61589,Rice Rd Fire,2025-08-25 23:25:35.469421+00:00,44.348575,-122.784979,normal,61589.0,2025-08-25 23:59:33.441433+00:00,33.966200199999996,15-60 min,True,23,8,Oregon,US
61614,Wildcat Fire,2025-08-26 01:30:17.899806+00:00,46.845383,-121.3967,normal,61614.0,2025-08-29 17:10:25.314369+00:00,5260.12357605,3+ hours,True,1,8,Washington,US
61622,Dillon Fire,2025-08-26 02:29:40.575675+00:00,41.53354587209958,-123.53819092183258,normal,61622.0,2025-08-26 03:09:01.103250+00:00,39.34212625,15-60 min,True,2,8,California,US
61775,Martin Fire,2025-08-27 15:56:39.754359+00:00,48.22773821066588,-120.8146395938308,normal,61775.0,2025-08-27 21:09:21.401492+00:00,312.6941188833333,3+ hours,True,15,8,Washington,US
61797,Thunder Fire,2025-08-27 19:43:10.233016+00:00,48.553567,-120.998167,normal,61797.0,2025-08-29 20:25:10.003435+00:00,2921.99617365,3+ hours,True,19,8,Washington,US
61864,Blue Fire,2025-08-28 01:05:49.658429+00:00,41.786085,-123.184536,normal,61864.0,2025-08-29 16:31:47.078781+00:00,2365.9570058666663,3+ hours,True,1,8,California,US
61873,Perry Fire,2025-08-28 01:57:10.530134+00:00,48.922702,-121.104893,normal,61873.0,2025-08-29 20:18:10.642022+00:00,2541.0018648,3+ hours,True,1,8,British Columbia,CA
61930,Big Beaver Fire,2025-08-28 20:23:31.463331+00:00,48.874,-121.226333,silent,61930.0,2025-08-29 20:22:29.299878+00:00,1438.9639424499999,3+ hours,True,20,8,British Columbia,CA
61950,Pickens Fire,2025-08-28 22:28:58.432327+00:00,44.030498211834725,-123.28251949933232,normal,61950.0,2025-08-28 23:22:21.836196+00:00,53.39006448333334,15-60 min,True,22,8,Oregon,US
61994,Allen Creek Fire,2025-08-29 03:26:38.421133+00:00,47.48809246685647,-120.66925243811676,normal,61994.0,2025-08-29 14:36:11.982101+00:00,669.5593494666666,3+ hours,True,3,8,Washington,US
62020,Peter Fire,2025-08-29 19:11:22.256159+00:00,38.917039228950216,-122.88050397620393,normal,62020.0,2025-08-29 19:47:02.778697+00:00,35.67537563333334,15-60 min,True,19,8,California,US
62052,Scott Fire,2025-08-29 23:38:32.850910+00:00,39.04398238316628,-122.97122847810516,normal,62052.0,2025-08-30 00:13:55.038801+00:00,35.36979818333334,15-60 min,True,23,8,California,US
62070,Spalding Fire,2025-08-30 01:41:41.065448+00:00,42.431917,-123.28245,normal,62070.0,2025-08-30 02:36:39.780830+00:00,54.9785897,15-60 min,True,1,8,Oregon,US
62077,Crown Creek Fire,2025-08-30 02:36:49.264620+00:00,48.83001104108519,-117.8822436527686,normal,62077.0,2025-08-31 03:49:29.362660+00:00,1512.6683006666667,3+ hours,True,2,8,British Columbia,CA
62101,Katy Creek Fire,2025-08-30 14:19:43.582975+00:00,48.676667,-118.15995,normal,62101.0,2025-09-01 00:35:08.590427+00:00,2055.416790866667,3+ hours,True,14,8,Washington,US
62114,Blackhawk Mountain Fire,2025-08-30 18:05:47.524633+00:00,48.86431823127512,-117.82320491186276,normal,62114.0,2025-08-31 03:51:10.997116+00:00,585.3912080499999,3+ hours,True,18,8,British Columbia,CA
62260,Golf Course Fire,2025-09-01 02:21:39.908224+00:00,45.650916,-121.212194,normal,62260.0,2025-09-01 02:28:08.358104+00:00,6.474164666666667,0-15 min,True,2,9,Oregon,US
62263,White Pine Fire,2025-09-01 02:37:11.305628+00:00,47.018117,-116.655633,normal,62263.0,2025-09-02 00:14:19.215795+00:00,1297.1318361166666,3+ hours,True,2,9,Idaho,US
62275,Dads Creek Fire,2025-09-01 05:52:51.111204+00:00,42.74743324851912,-123.52094772363772,normal,62275.0,2025-09-01 06:42:02.881493+00:00,49.19617148333334,15-60 min,True,5,9,Oregon,US
62285,Springs Fire,2025-09-01 11:38:36.580507+00:00,40.4017,-121.814335,normal,62285.0,2025-09-01 14:11:50.720665+00:00,153.2356693,1-3 hours,True,11,9,California,US
62287,Tacoma Creek Fire,2025-09-01 12:31:08.406967+00:00,48.49425,-117.511367,normal,62287.0,2025-09-04 20:10:28.701240+00:00,4779.338237883333,3+ hours,True,12,9,Washington,US
62297,Lower Sugarloaf Fire,2025-09-01 16:28:31.902691+00:00,47.7533,-120.549617,normal,62297.0,2025-09-03 03:02:54.604892+00:00,2074.3783700166664,3+ hours,True,16,9,Washington,US
62299,Rattlesnake Fire,2025-09-01 16:46:31.529324+00:00,47.87262879359503,-118.37605753321743,normal,62299.0,2025-09-03 15:26:18.011729+00:00,2799.77470675,3+ hours,True,16,9,Washington,US
62306,Labor Mountain Fire,2025-09-01 17:19:25.128508+00:00,47.38122007745602,-120.81952299780156,normal,62306.0,2025-09-05 19:44:50.016422+00:00,5905.414798566667,3+ hours,True,17,9,Washington,US
62331,Root Fire,2025-09-01 19:52:03.828132+00:00,41.160217,-122.397417,normal,62331.0,2025-09-01 21:36:23.267352+00:00,104.323987,1-3 hours,True,19,9,California,US
62340,Valley Fire,2025-09-01 20:33:54.294670+00:00,38.72412125957592,-121.03098466164444,normal,62340.0,2025-09-01 21:24:21.304360+00:00,50.4501615,15-60 min,True,20,9,California,US
62388,Ellie Fire,2025-09-01 23:48:29.375089+00:00,34.54458230373967,-118.1067288733514,normal,62388.0,2025-09-02 00:12:53.598643+00:00,24.403725899999998,15-60 min,True,23,9,California,US
62391,Snow Peak Fire,2025-09-02 00:12:28.433324+00:00,48.562667,-118.466667,normal,62391.0,2025-09-04 22:08:15.860630+00:00,4195.7904551,3+ hours,True,0,9,Washington,US
62392,Fuel Fire,2025-09-02 00:32:12.730940+00:00,37.044441,-119.472216,normal,62392.0,2025-09-02 02:05:14.463645+00:00,93.02887841666667,1-3 hours,True,0,9,California,US
62419,Salt/14-2 Fire,2025-09-02 09:43:42.795608+00:00,36.01585418008489,-120.37334050167688,normal,62419.0,2025-09-03 06:34:31.493684+00:00,1250.8116346,3+ hours,True,9,9,California,US
62431,2-2 Fire,2025-09-02 13:29:47.430733+00:00,37.90231096529601,-120.78564880969247,normal,62431.0,2025-09-02 18:07:36.801799+00:00,277.8228511,3+ hours,True,13,9,California,US
62461,6-5 Fire,2025-09-02 17:35:31.369918+00:00,37.81846,-120.4372,normal,62461.0,2025-09-02 21:57:56.281336+00:00,262.4151903,3+ hours,True,17,9,California,US
62476,2-7 Fire,2025-09-02 19:05:30.373274+00:00,38.100582,-120.49434,normal,62476.0,2025-09-02 20:05:15.917809+00:00,59.759075583333335,15-60 min,True,19,9,California,US
62486,Marks Creek Fire (0944),2025-09-02 19:52:30.273746+00:00,44.421584938550495,-120.48447734337788,normal,62486.0,2025-09-02 22:21:29.072181+00:00,148.97997391666667,1-3 hours,True,19,9,Oregon,US
62500,Marley Fire,2025-09-02 21:13:51.547551+00:00,45.14362349967456,-118.47437082226588,normal,62500.0,2025-09-02 21:50:38.552495+00:00,36.78341573333333,15-60 min,True,21,9,Oregon,US
62505,Lynx Mountain Fire,2025-09-02 21:27:01.621306+00:00,48.340833,-118.341111,normal,62505.0,2025-09-02 23:56:11.189637+00:00,149.15947218333335,1-3 hours,True,21,9,Washington,US
62508,Cedar Fire,2025-09-02 21:48:29.799141+00:00,40.40526,-123.232103,normal,62508.0,2025-09-02 22:19:17.920945+00:00,30.802030066666667,15-60 min,True,21,9,California,US
62541,1-4 Fire,2025-09-03 00:48:42.377599+00:00,37.258537,-120.075322,normal,62541.0,2025-09-03 03:36:26.471150+00:00,167.73489251666666,1-3 hours,True,0,9,California,US
62549,Granite Fire,2025-09-03 01:36:41.682612+00:00,39.893686503775285,-121.45243279403203,normal,62549.0,2025-09-03 06:15:54.726382+00:00,279.2173961666667,3+ hours,True,1,9,California,US
62550,Sunset Plaza Fire,2025-09-03 01:53:12.313036+00:00,34.10522527774353,-118.3861006992111,normal,62550.0,2025-09-03 02:29:09.854412+00:00,35.95902293333334,15-60 min,True,1,9,California,US
62553,Forbestown Fire,2025-09-03 02:18:39.164327+00:00,39.525431,-121.278339,normal,62553.0,2025-09-03 03:15:36.939071+00:00,56.9629124,15-60 min,True,2,9,California,US
62620,Myers Fire,2025-09-03 19:42:57.364383+00:00,33.753755008033494,-117.02592229630407,normal,62620.0,2025-09-03 21:59:55.228269+00:00,136.96439809999998,1-3 hours,True,19,9,California,US
62688,Bridge Fire,2025-09-04 05:22:51.497672+00:00,44.58175240322944,-118.60993729024916,normal,62688.0,2025-09-04 14:13:09.253094+00:00,530.2959237,3+ hours,True,5,9,Oregon,US
62766,Court Fire,2025-09-04 23:43:29.652224+00:00,38.351741,-120.760038,normal,62766.0,2025-09-05 00:13:43.598717+00:00,30.232441549999997,15-60 min,True,23,9,California,US
